. ,,,,,,,,,,,,,,,,
FCU,,,,,,,,,,,,,,,,
Periode :,Maret - April,,,,,,,,,,,,,,,
List Service Unit HVAC,,,,,,,,,,,,,,,,
No.,Tanggal,Floor,Tenant / Area,Brand,Model,Jenis Unit,Cetegory Finding,Finding,Rekomendasi,Dokumentasi,,,,,,
1,02 Maret 2026,L4,OFFICE JAYA KENCANA,MC QUAY,MCC50,FCU,"U Trap
Watermur
Filter","U trap tidak ada, water mur tidak ada, filter tidak ada",,,,,,,,
2,,L4,R.PANEL 001,MC QUAY,MCC 60 ,FCU,,"Filter udara tidak ada, watermur tidak ada",,,,,,,,
3,,L4,R.PANEL 002,ITU,1200,FCU,,"Filter udara tidak ada, watermur tidak ada, U trap tidak ada",,,,,,,,
4,,L2,PAPILION DUO,MC QUAY,MCC30,FCU,,"Filter udara tidak ada, watermur tidak ada, U trap tidak ada",,,,,,,,
5,03 Maret 2026,P1,R. MDF 001,MC QUAY,MCC30,FCU,Bad Drain,"Bak drain keropos, U trap tidak ada, water mur tidak ada, filter udara tidak ada",,,,,,,,
6,,P1,R. MDF 002,ITU,1200,FCU,Bad Drain,Bak drain keropos,,,,,,,,
7,,L4,R. ENGINEERING,YORK SBH,75DW,FCU,,"Water mur tidak ada, Filter udara tidak ada",,,,,,,,
8,,L2,TEVA ,TRANE,HCCA14,FCU,,"Water mur tidak ada, Filter udara tidak ada",,,,,,,,
9,,L2,SAMSONITE ,MC QUAY,MCC60,FCU,,,,,,,,,,
10,,L2,COLUMBIA ,MC QUAY,MDB75,FCU,,,,,,,,,,
11,,L2,TUMI 001,MC QUAY,MCC40,FCU,,Water mur tidak ada,,,,,,,,
12,,L2,TUMI 002,MC QUAY,MDB75,FCU,,Water mur tidak ada,,,,,,,,
13,,L2,HERSCHEL SUPPLY COMPANY,TRANE,HCCA18,FCU,,Water mur tidak ada,,,,,,,,
14,04 Maret 2026,L2,UNDER ARMOUR 001,TRANE,HCCA24,FCU,,"U-Trap tidak ada, watermur tidak ada, filter udara tidak ada",,,,,,,,
15,,L2,UNDER ARMOUR 002,TRANE,HCCA24,FCU,,"U-Trap tidak ada, watermur tidak ada, filter udara tidak ada",,,,,,,,
16,,L2,SUSHI HIRO 002,TRANE,HCCA24,FCU,,"Water mur tidak ada, filter udara tidak ada",,,,,,,,
17,,L2,SUSHI HIRO 003,TRANE,HCCA24,FCU,,"Water mur tidak ada, filter udara tidak ada",,,,,,,,
18,,L2,SUSHI HIRO 004,TRANE,HCCA24,FCU,,Water mur tidak ada,,,,,,,,
19,,L2,SUSHI HIRO 001,TRANE,HCCA24,FCU,,Water mur tidak ada,,,,,,,,
20,,L2,CONVERSE 001,TRANE,HCCA14,FCU,,,,,,,,,,
21,,L2,CONVERSE 002,TRANE,HCCA24,FCU,,"Filter udara tidak ada, water mur tidak ada",,,,,,,,
22,,L2,BROWN COFFEE 001,TRANE,HCCA24,FCU,,"Water murtidak ada, Filter udara tidak ada",,,,,,,,
23,,L2,BROWN COFFEE 002,TRANE,HCCA24,FCU,,"filter udara tidak ada, water mur tidak ada",,,,,,,,
24,,L2,UNDER ARMOUR 003,TRANE,HCCA24,FCU,,"Water murtidak ada, U-trap tidak ada, air venting tidak ada",,,,,,,,
25,05 Maret 2026,L2,PLANET SPORTS ASIA 003,TRANE,HCCA24,FCU,,"Water mur tidak ada, U-trap tidak ada",,,,,,,,
26,,L2,PLANET SPORTS ASIA 004,TRANE,HCCA18,FCU,,"U-trap tidak ada, water mur tidak ada, filter udara udara tidak ada",,,,,,,,
27,,L2,SK-II L2,DAIKIN,SBH75,FCU,,Water mur tidak ada ,,,,,,,,
28,,L2,GOLF HOUSE  001,TRANE,HCCA24,FCU,,"Water mur tidak ada, U-trap tidak ada",,,,,,,,
29,,L2,DYSON 001,MC QUAY,MCC50,FCU,,"Filter udara tidak ada, water mur tidak ada, U-trap tidak ada",,,,,,,,
30,,L2,DYSON 002,MC QUAY,MCC50,FCU,,"Filter udara tidak ada, water mur tidak ada, U-trap tidak ada",,,,,,,,
31,,L2,CROCS ,TRANE,HCCA24,FCU,,"Filter udara tidak ada, Water mur tidak ada",,,,,,,,
32,,L2,GOLF HOUSE 002,TRANE,HCCA10,FCU,,"Water mur tidak ada, air venting tidak ada",,,,,,,,
33,,L2,GOLF HOUSE  003,MC QUAY,MCC40,FCU,,Water mur tidak ada,,,,,,,,
34,,L2,PLANET SPORTS ASIA 001,TRANE,HCCA24,FCU,,"Water mur tidak ada, air venting tidak ada",,,,,,,,
35,,L2,PLANET SPORTS ASIA 002,TRANE,HCCA24,FCU,,"Water mur tidak ada, air venting tidak ada",,,,,,,,
36,06 Maret 2026,L2,BEBEK BENGIL 001,MC QUAY,MDB75,FCU,,"u-trap tidak ada, water mur tidak ada, filter udara udara tidak ada",,,,,,,,
37,,L2,BEBEK BENGIL 002,YORK ,SBH 100 DW,FCU,,"u-trap tidak ada, water mur tidak ada, filter udara udara tidak ada",,,,,,,,
38,,L2,BEBEK BENGIL 003,YORK ,SBH 100 DW,FCU,,"u-trap tidak ada, water mur tidak ada",,,,,,,,
39,,L2,BEBEK BENGIL 004,MC QUAY,MCC 60,FCU,,"u-trap tidak ada, water mur tidak ada, filter udara udara tidak ada",,,,,,,,
40,,L2,PAUL BAKERY 001,MC QUAY,MCC 60,FCU,,"filter udara tidak ada, water murtidak ada, u-trap tidak ada",,,,,,,,
41,,L2,PAUL BAKERY 002,MC QUAY,MDB 75,FCU,,"filter udara tidak ada, water mur tidak ada",,,,,,,,U-trap
42,,L2,PAUL BAKERY 003,MC QUAY,MCC 50,FCU,,water mur tidak ada,,,,,,,,
43,,L2,PAUL BAKERY 004,MC QUAY,MDB 75,FCU,,"Water mur tidak ada, air venting tidak ada",,,,,,,,
44,,L2,CORD LIFT BARANG ,MC QUAY,MCC 30,FCU,,"Water mur tidak ada, Air venting tidak ada",,,,,,,,1
45,,L2,BY REDO ,DAIKIN,DDB 60 BW,FCU,,"Water mur tidak ada, air venting tidak ada",,,,,,,,
46,,L2,NEW ERA ,MC QUAY,MCC30,FCU,,"Filter udara tidak ada,  water mur tidak ada",,,,,,,,
47,,L4,SAMWON GARDEN,TRANE,HCCA24,FCU,,"Bak drain keropos, water mur tidak ada",Pergantian bak drain dan cover body unit bagian bawah,,,,,,,
48,07 Maret 2026,L2,ALO 001,YORK,SBH 30 DW,FCU,,Water mur tidak ada,,,,,,,,
49,,L2,ALO 002,MC QUAY,MCC 60,FCU,,Water mur tidak ada,,,,,,,,
50,,L2,ALO 003,YORK,MAC 60 DW,FCU,,Water mur tidak ada,,,,,,,,
51,,L2,ALO 004,YORK,MAC 50 DW,FCU,,"Air venting tidak ada, water mur tidak ada",,,,,,,,
52,,L2,ALO 005,MC QUAY,MCC 40,FCU,,"Air venting tidak ada, water mur tidak ada",,,,,,,,
53,,L2,ALO 006,MC QUAY,MCC60,FCU,,"Water mur tidak ada, filter udara tidak ada, buka bak drain terhalang holo dan evap bagian bawah sedikit rebah",,,,,,,,
54,,L2,ALO 007,MC QUAY,MCC40,FCU,,Bak drain keropos,"Pergantian bak drain yang keropos, untuk saat ini valve sudah tertutup",,,,,,,
55,,L2,ALO 009,YORK,MAC 60 DW,FCU,,Water mur tidak ada,Pengadaan frame filter udara dan water mur,,,,,,,
56,,L2,IVAN GUNAWAN 001,TRANE ,HCCA18,FCU,,"Filter udara tidak ada, water mur tidak ada, U-trap tidak ada",,,,,,,,
57,,L2,IVAN GUNAWAN 002,MC QUAY,MCC60,FCU,,Water mur tidak ada ,pengadaan frame filter udara dan water mur,,,,,,,
58,,L2,IVAN GUNAWAN 003,MC QUAY,MCC60,FCU,,"Filter udara tidak ada, water mur tidak ada",,,,,,,,
59,08 Maret 2026,L2,NARS 001,MC QUAY,MCC60,FCU,,Water mur tidak ada,,,,,,,,
60,,L2,NARS 002,MC QUAY,MCC40,FCU,,Water mur tidak ada,,,,,,,,
61,,L3,SOUP RESTAURANT 001,MC QUAY,MCC60,FCU,,Water mur tidak ada,,,,,,,,
62,,L3,SOUP RESTAURANT 002,MC QUAY,MCC60,FCU,,Water mur tidak ada,,,,,,,,
63,,L3,SOUP RESTAURANT 003,YORK ,SBH 100 DW,FCU,,"Water mur tidak ada, filter udara tidak ada",,,,,,,,
64,,L3,SOUP RESTAURANT 004,MC QUAY,MDB50,FCU,,"Water mur tidak ada, filter udara tidak ada, U-trap tidak ada",,,,,,,,
65,,L2,ALO 008,YORK,SBH 60 DW,FCU,,Water mur tidak ada,Pengadaan frame filter dan water mur,,,,,,,
66,,L2,LE LABO 001,MC QUAY,MCC60,FCU,,Water mur tidak ada,,,,,,,,
67,,L2,LE LABO 002,MC QUAY,MCC60,FCU,,Water mur tidak ada,Pengadaan filter,,,,,,,
68,,L2,RADO L2,MC QUAY,MCW1200C,FCU,,"Water mur tidak ada, filter ngeblok",Pergantian filter udara dan pengadaan water mur,,,,,,,
69,,L2,CORD JEMBATAN 001,MC QUAY,MCC60,FCU,,"Water mur tidak ada, u-traptidak ada, filter udara tidak ada",,,,,,,,
70,,L2,CORD JEMBATAN 002,MC QUAY,MCC60,FCU,Isolasi CHWP,"Isolasi pipa sudah jenuh, water mur tidak ada, filter udara tidak ada","Pergantian filter udara, dan pengadaan water mur",,,,,,,
71,09 Maret 2026,L2,CORD LIFT 1 - 2,ITU,1200,FCU,,"U-traptidak ada, water mur tidak ada, evaporator rebah",,,,,,,,
72,,L2,TOILET SW ,TRANE,HCCA14,FCU,,"U-trap tidak ada, water mur tidak ada, line drain tidak ada, filterudara tidak ada, akses sempit",,,,,,,,
73,,L2,KATE SPADE 001,TRANE,HCCA10,FCU,,"Water mur tidak ada, filter udara tidak ada, Evaporator sedikit rebah",,,,,,,,
74,,L2,KATE SPADE 002,TRANE,HCCA10,FCU,,"water mur tidak ada, filter udara tidak ada, Evaporator sedikit rebah",,,,,,,,
75,,L2,KATE SPADE 003,TRANE,HCCA10,FCU,,"Water mur tidak ada, evaporator rebah",,,,,,,,
76,,L2,ADIDAS 001,TRANE,HCCA18,FCU,,"Bak drain korosif, water mur tidak ada,",Pengadaan frame filter udara,,,,,,,
77,,L2,ADIDAS 002,YORK,MAC 60 DW,FCU,,Water mur tidak ada,Pengadaan frame filter udara,,,,,,,
78,,L2,ADIDAS 003,TRANE ,HCCA14,FCU,,Water mur tidak ada,,,,,,,,
79,,L2,ADIDAS 004,DAIKIN,DDB7BW,FCU,,"Water mur tidak ada, air venting tidak ada",,,,,,,,
80,,L2,NEW BALANCE 001,TRANE,HCCA8,FCU,,Water mur tidak ada,,,,,,,,
81,,L2,NEW BALANCE 002,TRANE,HCCA24,FCU,,Water murtidak ada,,,,,,,,
82,,L2,LAURA MERCIER,MC QUAY,MCC50,FCU,,"Water mur tidak ada, bak drain keropos, evaporator bagian bawah keropos","Penggantian bak drain yang bolong atau keropos, segera difollow up",,,,,,,
83,,L5,WOLF GENG 001,TRANE,HCCA24,FCU,,Water mur tidak ada,,,,,,,,
84,,L5,WOLF GENG 002,TRANE,HCCA24,FCU,,"Water mur tidak ada, body unit korosif",,,,,,,,
85,10 Maret 2026,L3,THE DESIGNER WORKSHOP 001,TRANE,HCCA18,FCU,,"U-trap tidak ada, water mur tidak ada, filter udara tidak ada",,,,,,,,
86,,L3,THE DESIGNER WORKSHOP 002,DAIKIN,60BW,FCU,,Water mur tidak ada,,,,,,,,
87,,L3,THE DESIGNER WORKSHOP 003,MC QUAY,MCC50,FCU,,Water mur tidak ada,,,,,,,,
88,,L3,THE DESIGNER WORKSHOP 004,MC QUAY,MCC60,FCU,,,Pengadaan filter udara,,,,,,,
89,,L2,BALLY 001,DAIKIN,50BW,FCU,,,,,,,,,,
90,,L2,BALLY 002,YORK,MAC100,FCU,,"Unit AC FCU model: YORK MAC 100 kondisi evap kering, valve ditutup karena unit AC bocor untuk saat ini valve ditutup",Pengadaan filter udara,,,,,,,
91,,L2,BALLY 003,DAIKIN,50BW,FCU,,unIt kurang elevasi,Perbaikan elevasi unit FCU,,,,,,,
92,,L2,BALLY 004,DAIKIN,50BW,FCU,,Water mur tidak ada,,,,,,,,
93,,L2,BALLY 005,DAIKIN,40BW,FCU,,Water mur tidak ada,,,,,,,,
94,,L2,AIGNER 001,TRANE,HCCA18,FCU,,"Bak drain keropos, water mur tidak ada, Filter udara tidak ada, u-trap tidak ada",,,,,,,,
95,,L2,AIGNER 002,MC QUAY,MCC50,FCU,,"Water mur tidak ada,filter udara tidak ada",,,,,,,,
96,,L5,WOLF GENG 003,TRANE,HCCA24,FCU,,Bak drain keropos,,,,,,,,
97,,L5,WOLF GENG 004,TRANE,HCCA24,FCU,,,,,,,,,,
98,11 Maret 2026,L2,TOM FORD,,,FCU,,,,,,,,,,
99,,L2,LACOSTE 001,TRANE,HCCA10,FCU,,"U-Trap tidak ada, Filter udara tidak ada, Water mur tidak ada.",,,,,,,,
100,,L2,LACOSTE 002,TRANE,HCCA10,FCU,,"Water mur tidak ada, Filterudara tidak ada",,,,,,,,
101,,L2,LACOSTE 003,TRANE,HCCA10,FCU,,"Water mur tidak ada, Filterudara tidak ada",,,,,,,,
102,,L2,MAKE UP FOR EVER 001,TRANE,HCCA10,FCU,,"Water mur tidak ada, Filterudara tidak ada",,,,,,,,
103,,L2,MAKE UP FOR EVER 002,MC QUAY,MDB75,FCU,,"Water mur tidak ada, Filterudara tidak ada",,,,,,,,
104,,L2,ONITSUKA TIGER 001,MC QUAY,MCC0,FCU,,Water mur tidak ada ,,,,,,,,
105,,L2,ONITSUKA TIGER 002,TRANE,HCCA24,FCU,,"U-trap tidak ada, water mur tidak ada, body unit korosif",,,,,,,,
106,,L2,TOILET KARYAWAN,TRANE ,HCCA10,FCU,,"U-Trap tidak ada, Filter udara tidak ada, Water mur tidak ada.",,,,,,,,
107,,L2,TOILET CUSTOMER BEBEK BENGIL,,,FCU,,,,,,,,,,
108,,L3,THE RR CHOCOLATE 001,YORK ,SBH 125 DW,FCU,,"Watermur tidak ada, V belt normal 1pcs B-42",,,,,,,,
109,,L3,THE RR CHOCOLATE 002,MC QUAY,MDB75,FCU,,"Water mur tidak ada, Filterudara tidak ada",,,,,,,,
110,,L5,WOLF GENG 005,DAIKIN,115BW,FCU,,Water mur tidak ada ,,,,,,,,
111,12 Maret 2026,L2,OYSHO 001,TRANE,HCCA10,FCU,,"U-trap tidak ada, water mur tidak ada, filter udara tidak ada",,,,,,,,
112,,L2,OYSHO 002,TRANE,HCCA18,FCU,,"U-trap tidak ada, water mur tidak ada, filter udara tidak ada",,,,,,,,
113,,L2,OYSHO 003,TRANE,HCCA10,FCU,,"U-trap tidak ada, water mur tidak ada, filter udara tidak ada",,,,,,,,
114,,L2,OYSHO 004,TRANE,HCCA14,FCU,Body Unit,"Body unit keropos, u-trap tidak ada, water mur tidak ada",,,,,,,,
115,,L2,OYSHO 005,TRANE,HCCA10,FCU,,"Body unit keropos, evap sedikit rebah, U-trap tidak ada, water mur tidak ada",,,,,,,,
116,,L2,OYSHO 006,TRANE,HCCA18,FCU,Evap Rebah,"Body unit keropos dan banyak evap yang rebah, U-trap tidak ada, water mur tidak ada",Perbaikan evap yang rebah,,,,,,,
117,,L2,OYSHO 007,TRANE,HCCA18,FCU,,Cover body unit bagian bawah sudah tidak rapat. Water mur tidak ada,Penggantiancover body unit,,,,,,,
118,,L2,CLEDEPEAUE NO.1 L2,TRANE,HCCA10,FCU,,"U-trap tidak ada, water mur tidak ada, filter udara tidak ada",,,,,,,,
119,,L2,CLEDEPEAUE NO.2 L2,TRANE,HCCA10,FCU,,"U-trap tidak ada, water mur tidak ada, filter udara tidak ada",,,,,,,,
120,,L2,CLEDEPEAUE NO.3 L2,TRANE,HCCA10,FCU,,"U-trap tidak ada, water mur tidak ada, filter udara tidak ada",,,,,,,,
121,,L2,LAMER L2,MC QUAY,MCC30,FCU,,"Filter udara tidak ada, Water mur tidak ada",,,,,,,,
122,,L2,PUMA L2,,,FCU,,,,,,,,,,
123, 13 Maret 2026,L2,TOM FORD 001,YORK ,SBH 50 DW,FCU,,"Water mur tidak ada, filter udara tidakada",,,,,,,,
124,,L4,GYUKAKU PRIME 001,,,FCU,,,,,,,,,,
125,,L4,GYUKAKU PRIME 002,,,FCU,,,,,,,,,,
126,,L4,GYUKAKU PRIME 003,,,FCU,,,,,,,,,,
127,,L2,AMARIS,MC QUAY,MCC 60,FCU,,"Water mur tidak ada, Air venting tidak ada",,,,,,,,
128,,L3,ELC,MC QUAY,MCC 60,FCU,,Water mur tidak ada ,,,,,,,,
129,,L3,STAR DIAMOND,MC QUAY,MCC 60,FCU,,"U-trap tidak ada, water mur tidak ada",,,,,,,,
130,,L3,BIMBI 001,DAIKIN,DDB 50 BW,FCU,,"Water mur tidak ada, Filter udara tidak ada",,,,,,,,
131,,L3,BIMBI 002,AICOOL,FC 24 ,FCU,,"Water mur tidak ada, Airventing tidak ada",,,,,,,,
132,,L3,BIMBI 003,DAIKIN,DDB 60 BW,FCU,,,,,,,,,,
133,,L5,R. CHILLER ,YORK ,SBH 75 DW,FCU,,Water mur tidak ada,,,,,,,,
134,,L3,MUSIQUE ,MC QUAY,MDB 75,FCU,,,,,,,,,,
135,,L3,SOUP RESTAURANT 001,YORK ,SBH 100 DW,FCU,,Water mur tidak ada,,,,,,,,
136,14 Maret 2026,L2,ARMANI ,,,FCU,,,,,,,,,,
137,,L2,PUMA,,,FCU,,,,,,,,,,
138,,L3,OPTIK SEIS 001,MC QUAY,MCC 30,FCU,,"Filter udara tidak ada, Water mur tidak ada",,,,,,,,
139,,L3,OPTIK SEIS 002,MC QUAY,MCC 30,FCU,,"Filter udara tidak ada, Water mur tidak ada",,,,,,,,
140,,L3,ZEIS VIXION CENTER 001,,,FCU,,,,,,,,,,
141,,L3,ZEIS VIXION CENTER 002,,,FCU,,,,,,,,,,
142,,L3,OPTIK MELAWAI ,MC QUAY,MDB 75,FCU,,,,,,,,,,
143,,L3,SUMERTIDE L3,MC QUAY,MCW 1200,FCU,,Water mur tidak ada,,,,,,,,
144,,L3,IBOX 001,,,FCU,,,,,,,,,,
145,,L3,IBOX 002,MC QUAY,MDB 75,FCU,,"Water mur tidak ada, Filter udara tidak ada",,,,,,,,
146,,L3,IBOX 003,MC QUAY,MCC 60,FCU,,"Water mur tidak ada, Filter udara tidak ada",,,,,,,,
147,,L3,IBOX 004,MC QUAY,MCC 60,FCU,,"Water mur tidak ada, Airventing tidak ada",,,,,,,,
148,15 Maret 2026,L2,MASSIMO DUTI 001,,,FCU,,,,,,,,,,
149,,L2,MASSIMO DUTI 002,,,FCU,,,,,,,,,,
150,,L2,MASSIMO DUTI 003,,,FCU,,,,,,,,,,
151,,L2,MASSIMO DUTI 004,,,FCU,,,,,,,,,,
152,,L2,MASSIMO DUTI 005,,,FCU,,,,,,,,,,
153,,L2,MASSIMO DUTI 006,,,FCU,,,,,,,,,,
154,,L2,MASSIMO DUTI 007,,,FCU,,,,,,,,,,
155,,L2,MASSIMO DUTI 008,,,FCU,,,,,,,,,,
156,,L2,MASSIMO DUTI 009,,,FCU,,,,,,,,,,
157,,L2,MASSIMO DUTI 010,,,FCU,,,,,,,,,,
158,,L2,MASSIMO DUTI 011,,,FCU,,,,,,,,,,
159,,L2,MASSIMO DUTI 012,,,FCU,,,,,,,,,,
160,16 Maret 2026,L3,CORD LIFT BARANG PIE ,MC QUAY,MCC40,FCU,,"AC FCU Model: MC QUAY MCC40 kondisi unit tidak ada motornya, sehingga tidak dilakukan service rutin ",,,,,,,,
161,,L3,TOILET BABY CHANGE ,TRANE,HCCA24,FCU,,,,,,,,,,
162,,L3,OAD KIDS 001,DAIKIN,50BW,FCU,,Water mur tidak ada,,,,,,,,
163,,L3,OAD KIDS 002,TRANE,HCCA14,FCU,,Water mur tidak ada,,,,,,,,
164,,L3,OAD KIDS 003,,,FCU,,,,,,,,,,
165,,L3,ADIDAS KIDS 001,TRANE ,HCCA18,FCU,,"Water mur tidak ada, Filter udara tidak ada, air venting tidak ada, kontraktor rusak",,,,,,,,
166,,L3,ADIDAS KIDS 002,TRANE ,HCCA18,FCU,,"U-trap tidak ada, water mur tidak ada, filter udara tidak ada",,,,,,,,
167,,L3,ADIDAS KIDS 003,TRANE,HCCA18,FCU,,"U-trap tidak ada, Water mur tidak ada, Filter udara tidak ada, bearing motor bunyi",,,,,,,,
168,,L3,CARTER'S AND SMIGGLE 001,TRANE,HCCA18,FCU,,"Body unit dan bak drain korosif, water mur tidak ada",,,,,,,,
169,,L3,CARTER'S AND SMIGGLE 002,TRANE,HCCA18,FCU,,"U-trap tidak ada, water mur tidak ada, body unit korosif",,,,,,,,
170,,L3,PETIT BETEAU 001,TRANE,HCCA14,FCU,,Water mur tidak ada,,,,,,,,
171,,L3,PETIT BETEAU 002,TRANE,HCCA18,FCU,,"Water mur tidak ada, Airventing tidak ada",,,,,,,,
172,17 Maret 2026,L3,MINIAPOLIS 001,TRANE,HCCA18,FCU,,"Filter udara tidak ada, Water mur tidak ada",,,,,,,,
173,,L3,MINIAPOLIS 002,TRANE,HCCA24,FCU,,"Filter udara tidak ada, Water mur tidak ada",,,,,,,,
174,,L3,MINIAPOLIS 003,TRANE,HCCA24,FCU,,"Filter udara tidak ada, Water mur tidak ada",,,,,,,,
175,,L3,MINIAPOLIS 004,TRANE,HCCA24,FCU,,"Filter udara tidak ada, Water mur tidak ada",,,,,,,,
176,,L3,MINIAPOLIS 009,TRANE,HCCA24,FCU,,"Kondisi motor noise AC FCU model : TRANE HCCA24. Indikasi noise dari bearing motor yang sudah rusak, sementara saat ini unit dimatikan semua.",Rekoomendasi pergantian bearing,,,,,,,
177,,L3,MINIAPOLIS 010,TRANE,HCCA24,FCU,,Water mur tidak ada,,,,,,,,
178,,L3,MINIAPOLIS 011,,,FCU,,,,,,,,,,
179,,L3,TOILET SW 001,TRANE,HCCA10,FCU,,"Filter udara tidak ada, Water mur tidak ada",,,,,,,,
180,,L3,TOILET SW 002,TRANE,HCCA10,FCU,,"Filter udara tidak ada, Water mur tidak ada",,,,,,,,
181,,L3,PARANG KENCANA 001,MC QUAY,MCC60,FCU,,Filter udara tidak ada,,,,,,,,
182,,L3,PARANG KENCANA 002,MC QUAY,MCC30,FCU,,Filter udara tidak ada,,,,,,,,
183,,L3,CAFE DE CALAHA ,TRANE,HCCA18,FCU,,Water mur tidak ada,,,,,,,,
184,18 Maret 2026,L3,MINIAPOLIS 005,TRANE,HCCA24,FCU,,"Water mur tidak ada, Filter udara tidak ada",,,,,,,,
185,,L3,MINIAPOLIS 006,TRANE,HCCA18,FCU,,"Water murtidak ada, Filter udara tidak ada",,,,,,,,
186,,L3,MINIAPOLIS 007,TRANE,HCCA24,FCU,,"U-trap tidak ada, Water mur tidak ada",,,,,,,,
187,,L3,MINIAPOLIS 004,TRANE,HCCA24,FCU,,"U-trap tidak ada, Watermur tidak ada",,,,,,,,
188,,L3,ZEIS VIXION CENTER 001,MC QUAY,MDB75,FCU,,"U-trap tidak ada, Water mur tidak ada, Filter udara tidak ada",,,,,,,,
189,,L3,ZEIS VIXION CENTER 002,MC QUAY,SB75,FCU,,"U-trap tidak ada, Water mur tidak ada, Filter udara tidak ada",,,,,,,,
190,,L3,TULOLA 001,MC QUAY,MCC60,FCU,,"U-trap tidak ada, Water mur tidak ada",,,,,,,,
191,,L3,TULOLA 002,MC QUAY,MCC60,FCU,,"U-trap tidak ada, Water mur tidak ada",,,,,,,,
192,,L3,MIKI HOUSE 001,TRANE,HCCA18,FCU,,"Water mur tidak ada, Filter udara tidak ada",,,,,,,,
193,,L3,MIKI HOUSE 002,TRANE,HCCA18,FCU,,"Water mur tidak ada, Filter udara tidak ada",,,,,,,,
194,,L2,PUMA ,TRANE,HCCA24,FCU,,"U-trap tidak ada, Water mur tidak ada, Filter udara tidak ada",,,,,,,,
195,,L2,ARMANI ,,,FCU,,,,,,,,,,
196,,P1,LOBBY LIFT CP 001,TRANE,HCCA24,FCU,,Water mur tidak ada ,,,,,,,,
197,,P1,LOBBY LIFT CP 002,YORK,SBH 100 DW,FCU,,"Water mur tidak ada, U-trap tidak ada, Frame filter tidak ada",Pengadaan frame filter,,,,,,,
198,,P2,LOBBY LIFT CP 001,,,FCU,,,,,,,,,,
199,,P2,LOBBY LIFT CP 002,,,FCU,,,,,,,,,,
200,19 Maret 2026,L3,PILLAR 001,DAIKIN,50BW,FCU,,Water mur tidak ada,,,,,,,,
201,,L3,PILLAR 002,DAIKIN,60BW,FCU,,,,,,,,,,
202,,L3,PILLAR 003,DAIKIN,50BW,FCU,,"Water mur tidak ada, Air venting tidak ada",,,,,,,,
203,,L3,PILLAR 004,DAIKIN,50BW,FCU,,"Water mur tidak ada, Air venting tidak ada",,,,,,,,
204,,L3,BAHA GIA 001,MC QUAY,MCC50,FCU,,"Filter udara tidak ada, Water mur tidak ada",,,,,,,,
205,,L3,BAHA GIA 002,DAIKIN,40BW,FCU,,Water mur tidak ada,,,,,,,,
206,,L3,BAHA GIA 003,DAIKIN,40BW,FCU,,Water mur tidak ada,,,,,,,,
207,,L3,KIDS STATION 001,TRANE,HCCA24,FCU,,"Water mur tidak ada, Air venting tidak ada",,,,,,,,
208,,L3,KIDS STATION 002,TRANE,HCCA24,FCU,,"Water mur tidak ada, Air venting tidak ada",,,,,,,,
209,,L3,BENTENG ,TRANE,HCCA14,FCU,,"Isolasi pipa sudah jenuh, Filter udara tidak ada",,,,,,,,
210,,L3,CROWN ,,,FCU,,,,,,,,,,
211,,L3,L'OCCITANE ,MC QUAY,MCC60,FCU,,"Water mur tidak ada, Filter udara tidak ada",,,,,,,,
212,,P3,LOBBY LIFT CP 001,TRANE,HCCA18,FCU,,"AC FCU model : TRANE HCCA18 kondisi motor dengung, bak drain keropos, dan evaporator sudah banyak yang rebah","Pergantian motor, bak drain dan evaporator harus dilakukan penyisiran atau perbaikan.",,,,,,,
213,,P3,LOBBY LIFT CP 002,DAIKIN,DDB 100 BW,FCU,,Water mur tidak ada ,,,,,,,,
214,,P2,LOBBY LIFT CP 001,YORK,YCC 60,FCU,,"Bak  drain korosif, water mur tidak ada",,,,,,,,
215,,P2,LOBBY LIFT CP 002,YORK,SBH 100 DW,FCU,,"Water mur tidak ada, evaporator noda membandel",,,,,,,,
216,20 Maret 2026,L3,HARLAN & HOLDEN 001,DAIKIN,DDB 60 BW,FCU,,Sudah ada keretakan sebelum naik,,,,,,,,
217,,L3,HARLAN & HOLDEN 002,DAIKIN,DDB 50 BW,FCU,,,,,,,,,,
218,,L3,HARLAN & HOLDEN 003,,,FCU,,,,,,,,,,
219,,L3,HARLAN & HOLDEN 004,,,FCU,,,,,,,,,,
220,,L3,DORE ,,,FCU,,,,,,,,,,
221,,L3,ADELLE,TRANE,HCCA24,FCU,,,,,,,,,,
222,23 Maret 2026,L3,BANK MANDIRI 001,MC QUAY,MCC60,FCU,,"U-trap tidak ada, Water mur tidak ada, Filter udara tidak ada",,,,,,,,
223,,L3,BANK MANDIRI 002,MC QUAY,MCC60,FCU,,"U-trap tidak ada, Water mur tidak ada ",,,,,,,,
224,,L3,BANK MANDIRI 003,MC QUAY,MCC60,FCU,,"U-trap tidak ada, Water mur tidak ada ",,,,,,,,
225,,L3,VERDE 001,DAIKIN,DDB 60 BW,FCU,,Water mur tidak ada,,,,,,,,
226,,L3,VERDE 001,TRANE,HCCA24,FCU,,Water mur tidak ada,,,,,,,,
227,,L3,VERDE 001,DAIKIN,DDB 60 BW,FCU,,Water mur tidak ada,,,,,,,,
228,,L3,PASSION PRIVE 001,TRANE,HCCA18,FCU,,"Water mur tidak ada, Filter udara tidak ada",,,,,,,,
229,,L3,PASSION PRIVE 002,DAIKIN,DDB 50 BW,FCU,,Water mur tidak ada ,,,,,,,,
230,,L3,WACOAL ,MC QUAY,MCC40,FCU,,"Water mur tidak ada, Filter udara tidak ada",,,,,,,,
231,,L3,WOMEN & CO ,TRANE,HCCA18,FCU,,"Water mur tidak ada, Filter udara tidak ada",,,,,,,,
232,,L3,YANTI ,TRANE,HCCA18,FCU,,"U-trap tidak ada, air venting tidak ada, water mur tidak ada",,,,,,,,
233,,L3,MUSHOLLA WANITA ,DAIKIN,DDB 50 BW,FCU,,Water mur tidak ada,,,,,,,,
234,,L3,MUSHOLLA PRIA ,,,FCU,,,,,,,,,,
235,,P2,KANTINA 001,TRANE,HCCA18,FCU,,"Water mur tidak ada, Filter udara tidak ada, Air venting tidak ada.",,,,,,,,
236,,P2,KANTINA 002,MC QUAY,MCC 60,FCU,,"Water mur tidak ada, Filter udara tidak ada, Air venting tidak ada, U-trap tidak ada",,,,,,,,
237,,P2,KANTINA 003,TRANE,HCCA18,FCU,,"Water mur tidak ada, Filter udara tidak ada, Air venting tidak ada, U-trap tidak ada",,,,,,,,
238,24 Maret 2026,L3,JOE  & DOUGH 001,SBH,100DW,FCU,,"Unit tidak elevasi, Frame filter tidak bisa dibuka karena terhalang pipa splingker",,,,,,,,
239,,L3,JOE  & DOUGH 002,SBH,100 DW,FCU,,"Water mur tidak ada, U-trap tidak ada",,,,,,,,
240,,L3,JOE  & DOUGH 003,,,FCU,,,,,,,,,,
241,,L3,CORD JOE & DOUGH 001,MC QUAY,MCC 60,FCU,,"Filter udara tidak ada, Water mur tidak ada, Isolasi pipa chiller sudah rusak",,,,,,,,
242,,L3,CORD JOE & DOUGH 002,MC QUAY,MCC 60,FCU,,"Filter udara tidak ada, Water mur tidak ada ",,,,,,,,
243,,L3,MASHIRO & CO 001,MC QUAY,MCC50,FCU,,"Filter udara tidak ada, Water mur tidak ada",,,,,,,,
244,,L3,MASHIRO & CO 002,MC QUAY,MCC50,FCU,,"Filter udara tidak ada, Water mur tidak ada",,,,,,,,
245,,L3,MULIA,MC QUAY,MCC50,FCU,,"Sebelum naik mainhol sudah ada keretakan, Filter udara tidak ada, Water mur tidak ada",,,,,,,,
246,,L3,IWAN TIRTA 001,TRANE,HCCA14,FCU,,"Unit trauble, kondisi MCB sebelumnya sudah trip. Dicoba dinaikkan ada ledakan di motornya. Kondisi unit saat ini tidak running",,,,,,,,
247,,L3,IWAN TIRTA 002,TRANE,HCCA10,FCU,,,,,,,,,,
248,,L3,IWAN TIRTA 003,MC QUAY,MCC 60,FCU,,,,,,,,,,
249,,L3,DORE,,,FCU,,"Tidak ada name plate, Filtter udara tidak ada",,,,,,,,
250,,L3,STEFANO RICHI ,TRANE,HCCA24,FCU,,"Kondisi evap dan valve kering, valve tidak tersupply air chiller ",,,,,,,,
251,,L4,HOUSE OF ULTIMA 001,YORK ,SBH 30 DW,FCU,,,,,,,,,,
252,,L4,HOUSE OF ULTIMA 002,TRANE,HCCA 24,FCU,,"U-trap tidak ada, Filter udara tidak ada",,,,,,,,
253,,L4,DE SALON 001,YORK ,SBH 40 DW,FCU,,Water mur tidak ada,,,,,,,,
254,,L4,DE SALON 002,DAIKIN,DDB 60 BW,FCU,,Water mur tidak ada,,,,,,,,
255,25 Maret 2026,L3,YAMAHA SMILE MUSIC 001,AICOOL,FC24,FCU,,"Insuflek sudah ada yang jenuh, Water mur tidak ada, Airventing tidak ada.",,,,,,,,
256,,L3,YAMAHA SMILE MUSIC 002,AICOOL,FC18,FCU,,"Water mur: Tidak ada, Airventing : tidak ada. Sebelumnya unit sudah ada air yang menggenang di atas ducting. Bocor dikarenakan bak drain terlalu rapat dan tersumbat lendir, ada bagian insuflek sudah jenuh.",,,,,,,,
257,,L3,YAMAHA SMILE MUSIC 003,TRANE,HCCA14,FCU,,"Unit AC FCU tidak ada ducting supply dan tidak ada ducting return, kondisi unit running.",,,,,,,,
258,,L3,YAMAHA SMILE MUSIC 004,TRANE,HCCA10,FCU,,"Water mur: tidak ada, air venting tidak ada. Bak drain dekat nozzle sudah bolong/keropos.",Segera dilakukan pergantian bak drain model: TRANE HCCA10,,,,,,,
259,,L3,YAMAHA SMILE MUSIC 005,TRANE,HCCA24,FCU,,"Water mur: tidak ada, Airventing: Tidak ada",,,,,,,,
260,,L3,YAMAHA SMILE MUSIC 006,TRANE,HCCA24,FCU,,"Filter udara tidak ada, Water mur tidak ada",,,,,,,,
261,,L3,YAMAHA SMILE MUSIC 007,TRANE,HCCA24,FCU,,"Filter udara tidak ada, Water mur tidak ada",,,,,,,,
262,,L3,YAMAHA SMILE MUSIC 008,TRANE,HCCA24,FCU,,"Water mur tidak ada, Filter udara tidak ada.",,,,,,,,
263,,L3,YAMAHA SMILE MUSIC 009,,,FCU,,Tidak ada name plate,,,,,,,,
264,,L3,SEBASTIAN RED 001,TRANE,HCCA10,FCU,,"Water mur tidak ada, Filter udara tidak ada.",,,,,,,,
265,,L3,SEBASTIAN RED 002,TRANE,HCCA18,FCU,,Filter udara tidak ada,,,,,,,,
266,,L3,REKHAS 001,TRANE,HCCA18,FCU,,"Filter udara tidak ada, Water mur tidak ada, U-trap tidak ada",,,,,,,,
267,,L3,REKHAS 002,TRANE,HCCA14,FCU,,"Filter udara tidak ada, Water mur tidak ada",,,,,,,,
268,,L4,EVERLASH,TRANE,HCCA24,FCU,,,,,,,,,,
269,,L4,BMF KLINIK 001,TRANE,HCCA18,FCU,,,,,,,,,,
270,,L4,BMF KLINIK 002,TRANE,HCCA24,FCU,,Water mur tidak ada,,,,,,,,
271,26 Maret 2026,L3,OSIM NO.1,MC QUAY,MCC 60,FCU,,"Water mur tidak ada, Filter udara tidak ada",,,,,,,,
272,,L3,OSIM NO.2,MC QUAY,MCC 60,FCU,,"Unit AC tidak running, indikasi motor terbakar",Penggantian motor model: MC QUAY MCC 60,,,,,,,
273,,L3,OSIM NO.3,MC QUAY,MCC 60,FCU,,"Akses terlalu sempit, Water mur tidak ada",,,,,,,,
274,,L3,FRANK & CO NO.1,DAIKIN,DDB 60 BW,FCU,,Water mur tidak ada,,,,,,,,
275,,L3,FRANK & CO NO.2 ,DAIKIN,DDB 50 BW,FCU,,Water mur tidak ada,,,,,,,,
276,,L3,ATHAM,TRANE,HCCA18,FCU,,Water mur tidak ada,,,,,,,,
277,,L3,BOSS KIDS,TRANE,HCCA18,FCU,,"Filter udara tidak ada, Water mur tidak ada",,,,,,,,
278,,L3,ROYAL SELANGOR,YORK,MAC 60 DW,FCU,,"Filter udara tidak ada, Water mur tidak ada",,,,,,,,
279,,L3,TO RENDA NO.1,MC QUAY,MCC60,FCU,,"U-trap tidak ada, Water mur tidak ada, Filter udara tidak ada",,,,,,,,
280,,L3,TO RENDA NO.2,DAIKIN,DDB 50,FCU,,Water mur tidak ada,,,,,,,,
281,,L3,CORD LIFT 1-2,ITU,1400,FCU,,"Water mur tidak ada, U-trap tidak ada, Kondisi evap rebah",,,,,,,,
282,,L3,MUSHOLLA PRIA ,DAIKIN,SB 60 BW,FCU,,"Water mur tidak ada,Filter udara tidak ada",,,,,,,,
283,,L4,TOILET SW,TRANE,HCCA 24,FCU,,,,,,,,,,
284,,L4,NOBU NO.1,SBH,60DW,FCU,,,,,,,,,,
285,,L4,NOBU NO.2,SBH,75 DW,FCU,,Water mur tidak ada,,,,,,,,
286,,L3,BAM SENJU NO.1,DAIKIN,DDB 50 BW,FCU,,,,,,,,,,
287,,L3,BAM SENJU NO.2,YORK SBH,60DW,FCU,,,,,,,,,,
288,,L3,BAM SENJU NO.3,,,FCU,,Tidak dilakukan PM karena akses terlalu sempit,,,,,,,,
289,,L3,BAM SENJU NO.4,TRANE,HCCA24,FCU,,,,,,,,,,
290,27 Maret 2026,L3,KENZO PARIS KIDS,TRANE,HCCA18,FCU,,"Filter udara tidak ada, Water mur tidak ada",,,,,,,,
291,,L3,C - ZAREE,TRANE,HCCA218,FCU,,"Filter udara tidak ada, Water mur tidak ada",,,,,,,,
292,,L4,LAVALEN BODY NO.1,TRANE,HCCA24,FCU,,"Filter udara tidak ada, Water mur tidak ada",,,,,,,,
293,,L4,LAVALEN BODY NO.2,TRANE,HCCA24,FCU,,"Filter udara tidak ada, Water mur tidak ada",,,,,,,,
294,,L4,LAVALEN BEAUTY NO.1,TRANE,HCCA24,FCU,,"U-trap tidak ada, Water mur tidak ada",,,,,,,,
295,,L4,LAVALEN BEAUTY NO.2,TRANE,HCCA24,FCU,,"U-trap tidak ada, Water mur tidak ada",,,,,,,,
296,,L4,BATIK KERIS NO.1,MDB 75,,FCU,,"Body unit keropos/bolong, untuk sementara body unit yang keropos sudah dibaluti metalizing. Water mur tidak ada, frame filter udara tidak ada.",Pengadaan bak temporary dan frame filter udara,,,,,,,
297,,L4,BATIK KERIS NO.2,MC QUAY,MCC60,FCU,,"Evap sebagian ada yang rebah, evap bagian bawah sudah keropos, body unit dekat pipa nozzle keropos, tidak ada filter udara, Water mur tidak ada.",Penyisiran evap yang rebah/ perbaikan body unit yang keropos dan pengadaan filter udara,,,,,,,
298,,L4,BATIK KERIS NO.3,MCC 30C,,FCU,,Water mur tidak ada,,,,,,,,
299,,L4,PETER F SAERANG,TRANE,HCCA24,FCU,,"U-trap tidak ada, Water mur tidak ada",,,,,,,,
300,,L4,BODIES,YORK,SBH 30DW,FCU,,"Water mur tidak ada, Air venting tidak ada",,,,,,,,
301,,L4,KAM ROAST NO.1,DAIKIN,SDB 125 DW,FCU,,,,,,,,,,
302,,L4,KAM ROAST NO.2,TRANE,HCCA24,FCU,,,,,,,,,,
303,,L4,CORD KAM ROAST NO.1,,,FCU,,Unit tidak running,,,,,,,,
304,,L4,CORD KAM ROAST NO.2,,,FCU,,Unit tidak running,,,,,,,,
305,,P4,LOBBY LIFT CP,DAIKIN,DDB75 BW,FCU,,"Water mur tidak ada, Filter udara tidak terpasang full karena filternya habis.",,,,,,,,
306,,P2,ESCALATOR TIMUR NO.1,MC QUAY,MCC60,FCU,,"U-trap tidak ada, Water mur tidak ada",,,,,,,,
307,,P2,ESCALATOR TIMUR NO.2,MC QUAY,MCC50,FCU,,"U-trap tidak ada, Water mur tidak ada",,,,,,,,
308,,P2,ESCALATOR GOLD NAIL,MC QUAY,MCC50,FCU,,"U-trap tidak ada, Water mur tidak ada",,,,,,,,
309,,P2,MASJID BAITURRAHMAN,TRANE,HCCA18,FCU,,"U-trap tidak ada, Water mur tidak ada",,,,,,,,
310,28 Maret 2026,L3,D' ORSAY,DAIKIN,DDB 50 BW,FCU,,Water mur tidak ada,,,,,,,,
311,,L3,HAVANA,DAIKIN,DDB 50 BW,FCU,,Water mur tidak ada,,,,,,,,
312,,L3,ELCHEMITZ,TRANE,HCCA18,FCU,,Water mur tidak ada,,,,,,,,
313,,L3,EICHOTZ NO.1,TRANE,HCCA18,FCU,,"Speed low tidak berfungsi, body unit keropos, cover bawah sudah tidak rapat.",,,,,,,,
314,,L3,EICHOTZ NO.2,TRANE,HCCA 18,FCU,,,,,,,,,,
315,,L3,EICHOTZ NO.3,TRANE,HCCA18,FCU,,,,,,,,,,
316,,L3,BENIHANA NO.1,YORK,SBH 100DW,FCU,,Tidak dapat pengambilan name plate karena akses terlalu sempit,,,,,,,,
317,,L3,BENIHANA NO.2,YORK,SBH 60DW,FCU,,,,,,,,,,
318,,L3,BENIHANA NO.3,DAIKIN,DDB 100 BW,FCU,,Pipa stainer tidak dibalut armaflex,,,,,,,,
319,,L3,BENIHANA NO.4,YORK,SBH 100DW,FCU,,"U-trap tidak ada, Water mur tidak ada",,,,,,,,
320,,L3,BENIHANA NO.5,YORK ,SBH 100DW,FCU,,"U-Trap tidak ada, pipa chiller tidak dibalut pakai armaflex",,,,,,,,
321,,L3,BIN HOUSE NO.1,TRANE,HCCA18,FCU,,"U-Trap tidak ada, Water mur tidak ada,termostat tidak berfungsi dan untuk menyalakan AC langsung drai MCB, Akses service terlalu sempit, dan area dekat unit tidak ada catwalk","Pengagntia termostat model: HONEYWELL, pengadaan catwalk",,,,,,,
322,,L3,BIN HOUSE NO.2,TRANE,HCCA18,FCU,,"Bak drain korosif, U-trap tidak ada, Water mur tidak ada, akses terlalu sempit dan tidak ada catwalk, hanya dilakukan pemvacumman pada line drain dan bak drain.","Penambahan manhole disamping unit AC, pengadaan catwalk",,,,,,,
323,,L3,BIN HOUSE NO.3,TRANE,HCCA18,FCU,,"Bak drain korosif, Water mur tidak ada, termostat tidak berfungsi, akses service terlalu sempit dan tidak ada catwalk.","Pengadaan akses service di ducting supply agar service boisas maksimal, pengadaan catwalk.",,,,,,,
324,,L3,WANDA,SBH,50 DW,FCU,,Water mur tidak ada,,,,,,,,
325,,L4,HAIRTITUDE,TRANE,HCCA24,FCU,,Water mur tidak ada,,,,,,,,
326,,P2,MASJID BAITURRAHMAN NO.5,DAIKIN,FWW18,FCU,,Water mur tidak ada,,,,,,,,
327,,P2,MASJID BAITURRAHMAN NO.6,DAIKIN,FWW18,FCU,,Water mur tidak ada,,,,,,,,
328,,P2,MASJID BAITURRAHMAN NO.7,YORK,YCW 1400,FCU,,Water mur tidak ada,,,,,,,,
329,,P2,MASJID BAITURRAHMAN NO.8,YORK,YCW 1400,FCU,,Water mur tidak ada,,,,,,,,
330,,P2,MASJID BAITURRAHMAN NO.9,YORK,YCW 1400,FCU,,Water mur tidak ada,,,,,,,,
331,29 Maret 2026,L3,PRESTIQUE ,TRANE,HCCA 18,FCU,,"Filter udara tidak ada, Water mur tidak ada, Isolasi pipa sudah jenuh",,,,,,,,
332,,L3,REGAL,MC QUAY,MCC 60,FCU,,"U-trap tidak ada, Water mur tidak ada",,,,,,,,
333,,L4,LUVAZE,DDB,60 BW,FCU,,"Sudah ada kebocoran sebelum PM, tetesan disebabkan drai posisi unit yang sedikit miring",,,,,,,,
334,,L4,OEMAH ETNIK,DAIKIN,DDB 60 BW,FCU,,Water mur tidak ada,,,,,,,,
335,,L4,VIVAIA,YORK,SBH 125 DW,FCU,,"U-trap tidak ada, Water mur tidak ada, Airventing tidak ada, sebelum dilakukan service putaran fan blower kurang kencang disebabkan dari v-belt. V-belt sudah dikencangkan kembali.","Pengadaan frame filter udara, pengadaamn u-trap, pengadaan water mur.",,,,,,,
336,,L4,JOSHEPHINE ANNI,SBH,125 DW,FCU,,,,,,,,,,
337,,L4,ARRAY OF DAY,MC QUAY,MDB 75,FCU,,Water mur tidak ada,,,,,,,,
338,,L4,LAPIS LAPIS,TRANE,HCCA 24,FCU,,"U-trap tidak ada, Water mur tidak ada",,,,,,,,
339,,L4,J. BIOLETTI NO.1 ,TRANE,HCCA24,FCU,,U-trap tidak ada,"Pengadaan filter udara, Pengadaan u-trap",,,,,,,
340,,L4,J. BIOLETTI NO.2,DAIKIN,DDB 60 BW,FCU,,,,,,,,,,
341,,L4,J. BIOLETTI NO.3,YORK,SBH 60 DW,FCU,,Air Venting,Pengadaan filter udara,,,,,,,
342,,P2,MASJID NO. 3,YORK,YCW 1400,FCU,,Water mur tidak ada,,,,,,,,
343,,P2,MASJID NO.4,DAIKIN,FWW 1800,FCU,,Water mur tidak ada,,,,,,,,
344,,P2,MASJID NO.8,YORK,YCW 1400,FCU,,Water mur tidak ada,,,,,,,,
345,,P2,MASJID NO.9,DAIKIN,FWW 1800,FCU,,Water mur tidak ada,,,,,,,,
346,,P2,CORD LIFT 3/4,,,FCU,,Unit tidak dilakukan service karena ada kebocoran pada pipa uben,,,,,,,,
347,,P2,ESCALATOR BARAT NO.1,TRANE,HCCA 18,FCU,,"Bak drain keropos/retak dekat nozzle, U-trap tidak ada, water mur tidak ada","Penggantian bak drain yang keropos, pengadaan filter udara, pengadaan u-trap, pengadaan water mur.",,,,,,,
348,,P2,ESCALATOR BARAT NO.2,TRANE,HCCA 18,FCU,,"Bak drain keropos, U-trap tidak ada, Water mur tidak ada, akses terlalu sempit.","Pengadaan filter udara, pengadaan u-trap, pengadaan water mur",,,,,,,
349,,P3,CORD LIFT 3/4,TRANE,HCCA14,FCU,,,,,,,,,,
350,,P3,ESCALATOR TIMUR,YORK ,YSB 54,FCU,,"U-trap tidak ada, Water mur tidak ada",,,,,,,,
351,30 Maret 2026,L4,SAMWON GARDEN NO.1,YORK ,MAC 60 DW,FCU,,water mur tidak ada,,,,,,,,
352,,L4,SAMWON GARDEN NO.2,TRANE,HCCA 18,FCU,,water mur tidak ada,,,,,,,,
353,,L4,SAMWON GARDEN NO.3,TRANE,HCCA 24,FCU,,,,,,,,,,
354,,L4,SAMWON GARDEN NO.4,DAIKIN,DDB 75 BW,FCU,,Tidak ada water mur,,,,,,,,
355,,L4,GYUKAKU NO.1,YORK,125 DW,FCU,,,,,,,,,,
356,,L4,GYUKAKU NO.2,TRANE,HCCA 24,FCU,,,,,,,,,,
357,,L4,GYUKAKU NO.3,TRANE,HCCA 24,FCU,,,,,,,,,,
358,,L3,TOILET KARYAWAN NO.1,TRANE,HCCA 10,FCU,,"Unit tidak di lakukan service, dikarenakan ada kebocoran pada pipa chiler, sementara valve ditutup",,,,,,,,
359,,L3,TOILET KARYAWAN NO.2,TRANE,HCCA 10,FCU,,"Filter udara tidak ada, water mur tidak ada",,,,,,,,
360,,L3,TOILET KARYAWAN NO.3,TRANE,HCCA 10,FCU,,"Filter udara tidak ada, water mur tidak ada, kondisi evap sebagian sudah lemah",,,,,,,,
361,,P2,MEISO,ITU,1200,FCU,,"U-tarp tidak ada, watermur tidak ada, pipa chiler jenuh",,,,,,,,
362,,P3,R.STP,YORK,SBH 75 DW,FCU,,unit tidak dilakukan service dikarenakan sudah lama tidak di aktifkan dan valve di tutup,,,,,,,,
363,,P1,ESCALATOR TIMUR NO.1,AICOOL,FC 24,FCU,,"Tidak ada watermur, tidak ada fainding",,,,,,,,
364,,P1,ESCALATOR TIMUR NO.2,AICOOL,FC 24,FCU,,Tidak ada watermur,,,,,,,,
365,,P1,MEISO,DAIKIN,DDB 50 BW,FCU,,,,,,,,,,
366,,P3,R. MESIN LIFT 15/16 ,TRANE,HCCA 18,FCU,,Bak drain korosi,,,,,,,,
367,31 Maret 2026,P2,MUSHOLLA PRIA NO.1,AICOOL,FC 24,FCU,,unit tidak dilakukan service dikarenakan unit tidak di aktifkan lagi,,,,,,,,
368,,P2,MUSHOLLA PRIA NO.2,AICOOL,FC 24,FCU,,unit tidak dilakukan service dikarenakan unit tidak di aktifkan lagi,,,,,,,,
369,,P2,MUSHOLLA PRIA NO.3,AICOOL,FC 24,FCU,,unit tidak dilakukan service dikarenakan unit tidak di aktifkan lagi,,,,,,,,
370,,P2,MUSHOLLA PRIA NO.4,AICOOL,FC 24,FCU,,unit tidak dilakukan service dikarenakan unit tidak di aktifkan lagi,,,,,,,,
371,,P3,MUSHOLLA WANITA NO.1,AICOOL,FC 24,FCU,,unit sudah lama tidak di fungsikan,,,,,,,,
372,,P3,MUSHOLLA WANITA NO.2,AICOOL,FC 24,FCU,,unit sudah lama tidak di fungsikan,,,,,,,,
373,,P3,MUSHOLLA WANITA NO.3,AICOOL,FC 24,FCU,,unit sudah lama tidak di fungsikan,,,,,,,,
374,,P3,MUSHOLLA WANITA NO.4,AICOOL,FC 24,FCU,,unit sudah lama tidak di fungsikan,,,,,,,,
375,,P2,TRASH ROOM NO.1,TRANE,HFCA 12,FCU,,Bak drain korosi,,,,,,,,
376,,P2,TRASH ROOM NO.2,TRANE,HFCA 12,FCU,,Bak drain korosi dan tidak ada name plate,,,,,,,,
377,,P3,R. MESIN LIFT 3/4,ITU,AA 404 D53,FCU,,,,,,,,,,
378,,P5,LOBBY LIFT CP,DAIKIN,DDB 75 BW,FCU,,"Watermur dan airventing tidak ada, unit AC hanya 1 yang terpasang, 1 motor lagi tidak ada hanya ada fan blower",Pengadaan motor yang 1 lagi,,,,,,,
379,,L3,TOILET N,DAIKIN,SB 50  BW,FCU,,Watermur tidak ada dan tidak terpasang bak ducting return,,,,,,,,
380,,L3,CROWN ,TRANE,HCCA 18Bak ,FCU,,drain keropos akses buka bak terlalu sempit dan pipa line drain kurang elevasi dan filter udara tidak pas dengan ukuran unit ,"Perbaikan pipa line drain yang kurang elevasi dan pergantian bak drain, pergantian filter udara",,,,,,,
381,,P2,BAWAH TANGGA,DAIKIN,DDB 100 BW,FCU,,,,,,,,,,
382,2April 2026,LB,BBC MONEY CHANGER,TRANE,HCCA 24,FCU,,,,,,,,,,
383,1April 2026,LB,KOOMA,MCQUAY,MCW 1200,FCU,,nampan bak drain tidak bisa di buka dikarnakan akses sempit,,,,,,,,
384,1April 2026,LB,KOOMA,YORK,YCW 1200,FCU,,,,,,,,,,
385,1April 2026,LB,MAISON D'AURA 001,MCQUAY,MCC 50,FCU,,,,,,,,,,
386,1April 2026,LB,MAISON D'AURA 002,MCQUAY,MCC 50,FCU,,,,,,,,,,
387,1April 2026,LB,MAISON D'AURA 003,ITU,1200,FCU,,,,,,,,,,
388,1April 2026,LB,MAISON D'AURA 004,TRANE,HCCA 14,FCU,,,,,,,,,,
389,1April 2026,LB,IKKUDO ICHI 001,ITU,1400,FCU,,,,,,,,,,
390,1April 2026,LB,IKKUDO ICHI 002,ITU,1400,FCU,,,,,,,,,,
391,1April 2026,LB,IKKUDO ICHI 003,ITU,1400,FCU,,,,,,,,,,
392,1April 2026,LB,BAKERMAN 001,DAIKIN,FWW 1800,FCU,,,,,,,,,,
393,1April 2026,LB,BAKERMAN 002,DAIKIN,FWW 1800,FCU,,,,,,,,,,
394,1April 2026,LB,BAKERMAN 003,DAIKIN,FWW 1800,FCU,,,,,,,,,,
395,1April 2026,LB,BAKERMAN 004,DAIKIN,FWW 1800,FCU,,,,,,,,,,
396,1April 2026,LB,BAKERMAN 005,DAIKIN,FWW 1800,FCU,,,,,,,,,,
397,1April 2026,LB,BAKERMAN 006,DAIKIN,FWW 1800,FCU,,,,,,,,,,
398,1April 2026,LB,BAKERMAN 007,DAIKIN,FWW 1800,FCU,,,,,,,,,,
399,3April 2026,LB,NATURAL FARM,YORK,YCW 1000,FCU,,Kondisi evap sudah rebah,,,,,,,,
400,02 April 2026,LB,PERIPLUS 001,TRANE,HFCA 12,FCU,,,,,,,,,,
401,02 April 2026,LB,PERIPLUS 002,YORK,YBFC-14,FCU,,,,,,,,,,
402,02 April 2026,LB,PASTRI ELLA,TRANE,HFCA 12,FCU,,,,,,,,,,
403,02 April 2026,LB,THE BODY SHOP,YORK,YBFC14,FCU,,"frame filter udara tidak bisa di buka di karena kan terhalang dinding dan terhalang bok duct ting , filter hanya di fakume dan kurang maksimal di karenakan  tidak ada  caltwolk di area dekat unit jika di paksa kan takut ada insident retak ceiling. ",pengadaan caltwolk supaya pemakuman filter bisa maksimal,,,,,,,
404,10 April 2026,LB,%ARABICA,TRANE,HCCA 10,FCU,,,,,,,,,,
405,11 April 2026,LB,STARBUCKS 001,MCQUAY,MCC 50,FCU,,,,,,,,,,
406,11 April 2026,LB,STARBUCKS 002,DAIKIN,DDB 100 BW,FCU,,body unit sudah kropos,,,,,,,,
407,11 April 2026,LB,STARBUCKS 003,DAIKIN,DDB 60 BW,FCU,,tidak bisa di lakukan service di karenakan akses sempit,,,,,,,,
408,11 April 2026,LB,STARBUCKS 004,DAIKIN,FWW 1800,FCU,,tidak bisa di lakukan service di karenakan akses sempit,,,,,,,,
409,11 April 2026,LB,STARBUCKS 005,MCQUAY,MCC 60,FCU,,tidak bisa dilakukan buka nampan bak drain dikarnakan terlalu mepet sm flapon,,,,,,,,
410,11 April 2026,LB,STARBUCKS 006,YORK,SBH 50 DW,FCU,,tidak bisa dilakukan buka nampan bak drain dikarnakan akses terlau mepet sama flapon,,,,,,,,
411,02 April 2026,LB,FLOR 001,MCQUAY,MCC 30,FCU,,,,,,,,,,
412,02 April 2026,LB,FLOR 002,MCQUAY,MCC 60,FCU,,,,,,,,,,
413,02 April 2026,LB,KITCHENETTE 001,MCQUAY,MCC 50,FCU,,"body unit keropos, U-trap tidak ada dan tidak ada airventing",,,,,,,,
414,02 April 2026,LB,KITCHENETTE 002,MCQUAY,MCC 60,FCU,,,,,,,,,,
415,02 April 2026,LB,KITCHENETTE 003,MCQUAY,MDB 75,FCU,,,,,,,,,,
416,02 April 2026,LB,KITCHENETTE 004,YORK,YSB 60 DW,FCU,,,,,,,,,,
417,02 April 2026,LB,SAMSUNG,MCQUAY,MCC 50,FCU,,,,,,,,,,
418,02 April 2026,LB,ECOVACS & TINECO,MCQUAY,MCC 50,FCU,,,,,,,,,,
419,02 April 2026,LB,YVES ROCHER,ITU,1200,FCU,,"sebelum service kondisi mainhol sudah kotor terdpat noda hitam dan retak, akses buka bak terhalang pipa splingker
Dan evap sebagian sudah ada yg rebah",,,,,,,,
420,07 April 2026,LB,CHAGEE 001,TRANE,HCCA 24,FCU,,,,,,,,,,
421,07 April 2026,LB,CHAGEE 002,TRANE,HCCA 18,FCU,,,,,,,,,,
422,07 April 2026,LB,CHAGEE 003,DAIKIN,FWW 1800,FCU,,,,,,,,,,
423,07 April 2026,LB,CHAGEE 004,DAIKIN,FWW 1800,FCU,,,,,,,,,,
424,,LB,KINTARO SUSHI 001,TRANE,HCCA 24,FCU,,,,,,,,,,
425,,LB,KINTARO SUSHI 002,TRANE,HCCA 24,FCU,,,,,,,,,,
426,,LB,KINTARO SUSHI 003,TRANE,HCCA 24,FCU,,,,,,,,,,
427,,LB,KINTARO SUSHI 004,TRANE,HCCA 24,FCU,,,,,,,,,,
428,2-Apr-26,LB,KOPI LUWAK 001,TRANE,HCCA 24,FCU,,,,,,,,,,
429,2-Apr-26,LB,KOPI LUWAK 002,TRANE,HCCA 24,FCU,,,,,,,,,,
430,6-Apr-26,LB,HAKATA 001,TRANE,HCCA 24,FCU,,,,,,,,,,
431,6-Apr-26,LB,HAKATA 002,TRANE,HCCA 24,FCU,,,,,,,,,,
432,6-Apr-26,LB,HAKATA 003,TRANE,HCCA 24,FCU,,,,,,,,,,
433,6-Apr-26,LB,KATSUTOKU 001,TRANE,HCCA 24,FCU,,"akses service sulit/sempit akses buka bak terhalang hollow dan bak drain nozzle nya keropos, filter udara tidak ada","pengadaan filter udara dan akses manholle di area evaporator supply, 
Dan harus segera di lakukan pergantian/perbaikan  bak drain",,,,,,,
434,6-Apr-26,LB,KATSUTOKU 002,TRANE,HCCA 24,FCU,,akses buka manholle terhalang pipa line drain,,,,,,,,
435,3-Apr-26,LB,SNACK ZONE 001,ITU,1200,FCU,,Tidak dapat dilakuakan service hanya sedot bak drain dan line drain..di karnakan akses sempit,,,,,,,,
436,3-Apr-26,LB,SNACK ZONE 002,TRANE,HFCA 12,FCU,,,,,,,,,,
437,8-Apr-26,LB,TOUS LES JOURS 001,YORK,YBFC14,FCU,,,,,,,,,,
438,8-Apr-26,LB,TOUS LES JOURS 002,DAIKIN,DDB 60 BW,FCU,,,,,,,,,,
439,5-Apr-26,LB,EXCELSO,MCQUAY,MCC 60,FCU,,Evap bagian bawah sudah rebah,,,,,,,,
440,4-Apr-26,LB,GUARDIAN 001,TRANE,HCCA 18,FCU,,"akses service sulit/sempit dan bak drain terhalang pipa line drain, 
Hanya bisa di lakukan pemakuman  pada drain/line drain dan filter udara",perubahan/penambahan manhole di area dekat evap dan pipa nozzle.,,,,,,,
441,4-Apr-26,LB,GUARDIAN 002,TRANE,HCCA 14,FCU,,"akses service sulit/sempit dan bak drain terhalang pipa line drain, 
Hanya bisa di lakukan pemakuman  pada drain/line drain dan filter udara",perubahan/penambahan manhole di area dekat evap dan pipa nozzle.,,,,,,,
442,4-Apr-26,LB,GUARDIAN 003,DAIKIN,FWW 1800,FCU,,,,,,,,,,
443,4-Apr-26,LB,GUARDIAN 004,TRANE,HCCA 14,FCU,,,,,,,,,,
444,4-Apr-26,LB,GUARDIAN 005,DAIKIN,FWW 1800,FCU,,,,,,,,,,
445,4-Apr-26,LB,GUARDIAN 006,DAIKIN,FWW 1800,FCU,,,,,,,,,,
446,4-Apr-26,LB,GUARDIAN 007,DAIKIN,FWW 1800,FCU,,,,,,,,,,
447,4-Apr-26,LB,GUARDIAN 008,MCQUAY,MCC 40,FCU,,,,,,,,,,
448,4-Apr-26,LB,GUARDIAN 009,TRANE,HCCA 14,FCU,,kondisi evap sudah rebah,,,,,,,,
449,5-Apr-26,LB,KARADA,DAIKIN,FWW 1800,FCU,,tidak bisa buka filter di karena kan terhalang pipa chiller,,,,,,,,
450,8-Apr-26,LB,SAINT CINNAMON,TRANE,HFCA 14,FCU,,Bak Drain berkarat dan evap udah rebah,,,,,,,,
451,,LB,LLAOLLAO,TRANE,HFCA 12,FCU,,,,,,,,,,
452,8-Apr-26,LB,KOI THE,YORK,SBH 60 DW,FCU,,,,,,,,,,
453,8-Apr-26,LB,KAY COLLECTION,MCQUAY,MCW 40,FCU,,,,,,,,,,
454,4-Apr-26,LB,LOCK & LOCK,TRANE,HFCA 12,FCU,,Thermostat dalam keadaan rusak ,Penggantian Thermostat,,,,,,,
455,6-Apr-26,LB,BOOST JUICE,TRANE,HCCA 10,FCU,,,,,,,,,,
456,5-Apr-26,LB,PANORAMA TOURS,ITU,1400,FCU,,,,,,,,,,
457,4-Apr-26,LB,BASKIN ROBINS,TRANE,HFCA18,FCU,,caver evap kondisi sudah kropos,,,,,,,,
458,6-Apr-26,LB,SOUR SALLY,TRANE,HFCA 12,FCU,,,,,,,,,,
459,4-Apr-26,LB,BANH MI NGON,MCQUAY,MCC 30,FCU,,,,,,,,,,
460,4-Apr-26,LB,THE PAPER HOTEL,MCQUAY,MCC 60,FCU,,,,,,,,,,
461,8-Apr-26,LB,VINES / KOPI KENANGAN,MCQUAY,MCC 50,FCU,,,,,,,,,,
462,5-Apr-26,LB,SALADSTOP!,TRANE,HCCA 14,FCU,,,,,,,,,,
463,,LB,ORCHID FLOWERS,ITU,1200,FCU,,,,,,,,,,
464,4-Apr-26,LB,OGAWA 001,TRANE,HCCA 10,FCU,,,,,,,,,,
465,4-Apr-26,LB,OGAWA 002,MCQUAY,MCC 60,FCU,,,,,,,,,,
466,4-Apr-26,LB,HAGENDAZ 001,TRANE,HCCA 10,FCU,,,,,,,,,,
467,4-Apr-26,LB,HAGENDAZ 002,MCQUAY,MCC 40,FCU,,,,,,,,,,
468,,LB,SOME DIM SUM 001,YORK,HCCA 10,FCU,,,,,,,,,,
469,,LB,SOME DIM SUM 002,TRANE,HFCA 12,FCU,,,,,,,,,,
470,5-Apr-26,LB,RED & WHITE 001,MCQUAY,MCC 60,FCU,,,,,,,,,,
471,5-Apr-26,LB,RED & WHITE 002,MCQUAY,MCC 60,FCU,,,,,,,,,,
472,5-Apr-26,LB,RED & WHITE 003,MCQUAY,MCC 60,FCU,,,,,,,,,,
473,5-Apr-26,LB,OPI 001,TRANE,HFCA 12,FCU,,,,,,,,,,
474,5-Apr-26,LB,OPI 002,TRANE,HFCA 12,FCU,,,,,,,,,,
475,5-Apr-26,LB,OPI 003,TRANE,HFCA 12,FCU,,,,,,,,,,
476,5-Apr-26,LB,SKIN FOOD,ITU,1200,FCU,,"akses service sulit/sempit dan hanya bisa di lakukan pemakuman bak drain dan sedot line drain, u-trap tidak ada, water mur tidak ada dan Kondisi bak drain keropos. ","pergantian bak drain, ",,,,,,,
477,5-Apr-26,LB,WOOF!,TRANE,HCCA 10,FCU,,"akses service sulit/sempit dan hanya bisa di lakukan pemakuman bak drain dan line drain  bak drain keropos, filter udara tidak ada dan Water mur tidak ada. ","pergantian bak drain, ",,,,,,,
478,5-Apr-26,LB,HIGIENIS INDONESIA,ITU,1200,FCU,,,,,,,,,,
479,6-Apr-26,LB,STOP N GO,ITU,1200,FCU,, tidak ada akses untuk pemakuman di area nozzle dan filter udara tidak bisa di buka di karena kan terhalang pipa sprinkler,pengadaan manholle di area dekat nozzle supaya bisa di lakukan pemacuman di line drain dan nozzle nya,,,,,,,
480,5-Apr-26,LB,SESOTYA,ITU,1200,FCU,,,,,,,,,,
481,6-Apr-26,LB,TEH 63,ITU,1200,FCU,,,,,,,,,,
482,4-Mar-26,LB,CORRIDOR LIFT 1 - 2,ITU,1200,FCU,,,,,,,,,,
483,5-Apr-26,LB,TOILET ACAII,MCQUAY,MCC 50,FCU,,,,,,,,,,
484,22-Apr-26,L1,ZEGNA 001,MCQUAY,MCC 60,FCU,,,,,,,,,,
485,22-Apr-26,L1,ZEGNA 002,MCQUAY,MCC 50,FCU,,,,,,,,,,
486,22-Apr-26,L1,ZEGNA 003,MCQUAY,MCC 50,FCU,,,,,,,,,,
487,22-Apr-26,L1,ZEGNA 004,MCQUAY,MCC 50,FCU,,,,,,,,,,
488,22-Apr-26,L1,ZEGNA 005,YORK,MAC 75 DW,FCU,,,,,,,,,,
489,21-Apr-26,L1,BALENCIAGA 001,MCQUAY,MCC 60,FCU,,unit ac tidak terpasang motorize dan tidak di by pass,,,,,,,,
490,21-Apr-26,L1,BALENCIAGA 002,MCQUAY,MCC 60,FCU,,"area dekat unit ada bagian hollow ceiling yg tidak ada gantungan nya, AREA RAWAN INSIDENT RETAK CEILING ",penambahan gantungan hollow ceiling supaya tidak terjadi INSIDENT RETAK CEILING,,,,,,,
491,21-Apr-26,L1,BALENCIAGA 003,DAIKIN,DDB 50 BW,FCU,,,,,,,,,,
492,21-Apr-26,L1,BALENCIAGA 004,DAIKIN,DDB 60 BW,FCU,,,,,,,,,,
493,21-Apr-26,L1,BALENCIAGA 005,MCQUAY,MCC 60,FCU,,,,,,,,,,
494,6-Apr-26,L1,VERSACE 001,TRANE,HCCA 18,FCU,,,,,,,,,,
495,6-Apr-26,L1,VERSACE 002,MCQUAY,MDB 75,FCU,,,,,,,,,,
496,7-Apr-26,L1,BURBERRY 001,TRANE,HCCA 18,FCU,,,,,,,,,,
497,7-Apr-26,L1,BURBERRY 002,DAIKIN,DDB 60 BW,FCU,,,,,,,,,,
498,7-Apr-26,L1,BURBERRY 003,TRANE,HCCA 18,FCU,,,,,,,,,,
499,7-Apr-26,L1,BURBERRY 004,TRANE,HCCA 18,FCU,,,,,,,,,,
500,7-Apr-26,L1,BURBERRY 005,DAIKIN,DDB 60 BW,FCU,,,,,,,,,,
501,7-Apr-26,L1,BURBERRY 006,TRANE,HCCA 18,FCU,,,,,,,,,,
502,7-Apr-26,L1,BURBERRY 007,TRANE,HCCA 18,FCU,,,,,,,,,,
503,7-Apr-26,L1,CHLOE 001,DAIKIN,DDB 60 BW,FCU,,,,,,,,,,
504,7-Apr-26,L1,CHLOE 002,YORK,SBH 100 DW,FCU,,bak drain keropos,,,,,,,,
505,12-Apr-26,L1,MONDIAL 001,DAIKIN,DDB 60 BW,FCU,,cover body unit bagian bawah keropos/bolong dan tidak ada filter udara ,pengadaan filter udara dan cover body bagian bawah,,,,,,,
506,12-Apr-26,L1,MONDIAL 002,MCQUAY,MCC 60,FCU,,,,,,,,,,
507,12-Apr-26,L1,MONDIAL 003,TRANE,HCCA 24,FCU,,,,,,,,,,
508,6-Apr-26,L1,RIMOWA NEW,TRANE,HCCA 14,FCU,,,,,,,,,,
509,24-Apr-26,L1,PATEK PHILIPPE 001,YORK,SBH 50 DW,FCU,,,,,,,,,,
510,24-Apr-26,L1,PATEK PHILIPPE 002,YORK,SBH 60 DW,FCU,,,,,,,,,,
511,24-Apr-26,L1,PATEK PHILIPPE 003,YORK,SBH 60 DW,FCU,,,,,,,,,,
512,24-Apr-26,L1,PATEK PHILIPPE 004,YORK,SBH 50 DW,FCU,,,,,,,,,,
513,24-Apr-26,L1,PATEK PHILIPPE 005,YORK,YCW 1000,FCU,,,,,,,,,,
514,7-Apr-26,L1,LANVIN 001,DAIKIIN,DDB 50 BW,FCU,,,,,,,,,,
515,7-Apr-26,L1,LANVIN 002,DAIKIIN,DDB 50 BW,FCU,,akses sempit hanya bisa Vacum bak drain dan line drain,,,,,,,,
516,7-Apr-26,L1,LANVIN 003,MCQUAY,MCC 60,FCU,,,,,,,,,,
517,7-Apr-26,L1,LANVIN 004,TRANE,HCCA 18,FCU,,,,,,,,,,
518,25-Apr-26,L1,ROLEX 001,DAIKIN,DDB 50 BW,FCU,,,,,,,,,,
519,25-Apr-26,L1,ROLEX 002,DAIKIN,DDB 50 BW,FCU,,,,,,,,,,
520,25-Apr-26,L1,ROLEX 003,MCQUAY,MCC 50,FCU,,,,,,,,,,
521,9-Apr-26,L1,FENDI 001,DAIKIN,DDB 50 BW,FCU,,,,,,,,,,
522,9-Apr-26,L1,FENDI 002,TRANE,HCCA 18,FCU,,,,,,,,,,
523,9-Apr-26,L1,FENDI 003,MCQUAY,MCC 60,FCU,,,,,,,,,,
524,9-Apr-26,L1,FENDI 004,MCQUAY,MCC 60,FCU,,,,,,,,,,
525,9-Apr-26,L1,FENDI 005,MCQUAY,MCC 60,FCU,,,,,,,,,,
526,10-Apr-26,L1,SAINT LAURENT 001,DAIKIN,DDB 60 BW,FCU,,"akses ke pipa nozzle terlalu sulit frame tidak bisa di buka di karena kan terhalang pipa chiller dan box ductting, ",pengadaan manholle di samping unit area nozzle,,,,,,,
527,10-Apr-26,L1,SAINT LAURENT 002,DAIKIN,DDB 60 BW,FCU,,akses ke samping unit area nozzle terlalu sulit dan frame filter udara tidak bisa di buka di karena kan terhalang pipa chiller,engadaan manholle di samping unit area dekat nozzle,,,,,,,
528,10-Apr-26,L1,SAINT LAURENT 003,MCQUAY,MCC 40,FCU,,,,,,,,,,
529,10-Apr-26,L1,SAINT LAURENT 004,MCQUAY,MCC 50,FCU,,,,,,,,,,
530,7-Apr-26,L1,LOEWE 001,MCQUAY,MCC 60,FCU,,,,,,,,,,
531,7-Apr-26,L1,LOEWE 002,MCQUAY,MCC 60,FCU,,,,,,,,,,
532,8-Apr-26,L1,VALENTINO 001,TRANE,HCCA 24,FCU,,,,,,,,,,
533,8-Apr-26,L1,VALENTINO 002,TRANE,HCCA 24,FCU,,,,,,,,,,
534,9-Apr-26,L1,VALENTINO 003,TRANE,HCCA 14,FCU,,,,,,,,,,
535,9-Apr-26,L1,VALENTINO 004,DAIKIN,DDB 50 BW,FCU,,,,,,,,,,
536,9-Apr-26,L1,VALENTINO 005,DAIKIN,DDB 50 BW,FCU,,,,,,,,,,
537,9-Apr-26,L1,MONTBLANC 001,TRANE,HCCA 14,FCU,,,,,,,,,,
538,9-Apr-26,L1,MONTBLANC 002,DAIKIN,DDB 50 DW,FCU,,,,,,,,,,
539,8-Apr-26,L1,CHRISTIAN LOUBOUTIN 001,TRANE,HCCA 10,FCU,,,,,,,,,,
540,8-Apr-26,L1,CHRISTIAN LOUBOUTIN 002,TRANE,HCCA 10,FCU,,,,,,,,,,
541,8-Apr-26,L1,CHRISTIAN LOUBOUTIN 003,TRANE,HCCA 14,FCU,,"evaporator sebagian rebah, bak drain terhalang flexible dan pipa splingker, frame filter tidak ada, ",perbaikan/penyisiran evap dan pengadaan frame filter,,,,,,,
542,9-Apr-26,L1,CHRISTIAN LOUBOUTIN 004,DAIKIN,DDB 50 BW,FCU,,akses area service rawan insident retak ceiling karna gantungan hollow nya kurang kuat dan hollow nya ada yg tidak di sambung dan ada area ceiling yg sudah turun,memperkuat area akses service supaya tidak terjadi insident retak ceiling,,,,,,,
543,21-Apr-26,L1,BOTTEGA VENETA 001,MCQUAY,MCC 60,FCU,,"evaporator sudah pada rebah dan sambungan duct ting supply nya  sudah banyak tambalan metalizing, akses buka bak terlalu sempit, body unit keropos","ganti evaporator/ganti unit, 
Perbaikan/perapihan duct ting supply",,,,,,,
544,21-Apr-26,L1,BOTTEGA VENETA 002,TRANE,HCCA 18,FCU,,,,,,,,,,
545,21-Apr-26,L1,BOTTEGA VENETA 003,MCQUAY,MCC 60,FCU,,Evaporator bagian bawah sudah keropos,,,,,,,,
546,,L1,CHANEL PARFUM 001,YORK,YDFC 14,FCU,,,,,,,,,,
547,,L1,CHANEL PARFUM 002,YORK,YCW 600,FCU,,,,,,,,,,
548,,L1,CHANEL BOUTIQUE,YORK,YDFC 14,FCU,,,,,,,,,,
549,,L1,RODO 001,DAIKIN,SBH 50 DW,FCU,,,,,,,,,,
550,,L1,RODO 002,MCQUAY,MCC 40,FCU,,,,,,,,,,
551,,L1,RIMOWA 001,YORK,YCC 60,FCU,,,,,,,,,,
552,,L1,RIMOWA 002,YORK,YCC 60,FCU,,,,,,,,,,
553,,L1,BALLY 001,MCQUAY,MCC 60,FCU,,,,,,,,,,
554,,L1,BALLY 002,MCQUAY,MCC 60,FCU,,,,,,,,,,
555,,L1,BALLY 003,MCQUAY,MCC 60,FCU,,,,,,,,,,
556,,L1,BALLY 004,DAIKIN,DDB 60 BW,FCU,,,,,,,,,,
557,,L1,MISSONI 001,TRANE,HCCA 14,FCU,,,,,,,,,,
558,,L1,MISSONI 002,MCQUAY,MCC 60,FCU,,,,,,,,,,
559,,L1,JO MALONE,MCQUAY,MCC 60,FCU,,,,,,,,,,
560,,L1,LA MER,MCQUAY,MCC 60,FCU,,,,,,,,,,
561,10-Apr-26,L1,ELEMIS,TRANE,HCCA 10,FCU,,"akses untuk service evaporator supply tidak terjangkau dan sempit, 
Hanya di lakukan pemakuman bak drain dan sedot line drain",pengadaan manholle di area dekat evaporator supply,,,,,,,
562,27-Apr-26,L1,CARTIER 001,YORK,YCW 60,FCU,,akses untuk cleaning sempit,,,,,,,,
563,27-Apr-26,L1,CARTIER 002,YORK,YCW 60,FCU,,,,,,,,,,
564,,L1,MEMO PARIS,TRANE,HCCA 18,FCU,,,,,,,,,,
565,9-Apr-26,L1,LA PRAIRIE 001,TRANE,HCCA 18,FCU,,,,,,,,,,
566,9-Apr-26,L1,LA PRAIRIE 002,YORK,SBH 60,FCU,,,,,,,,,,
567,9-Apr-26,L1,TOD'S 001,YORK,SBH 60,FCU,,,,,,,,,,
568,9-Apr-26,L1,TOD'S 002,MCQUAY,MCC 60,FCU,,,,,,,,,,
569,9-Apr-26,L1,TOD'S 003,DAIKIN,,FCU,,,,,,,,,,
570,9-Apr-26,L1,TOD'S 004,MCQUAY,MCC 50,FCU,,,,,,,,,,
571,10-Apr-26,L1,OMEGA 001,DAIKIN,DDB 50 BW,FCU,,,,,,,,,,
572,10-Apr-26,L1,OMEGA 002,DAIKIN,DDB 50 BW,FCU,,,,,,,,,,
573,10-Apr-26,L1,JIMMY COO 001,MCQUAY,MCC 40,FCU,,,,,,,,,,
574,10-Apr-26,L1,JIMMY COO 002,MCQUAY,MCC 50,FCU,,body unit keropos di sudut samping evap area return,,,,,,,,
575,10-Apr-26,L1,JIMMY COO 003,DAIKIN,DDB 60 BW,FCU,,,,,,,,,,
576,10-Apr-26,L1,SERGIO ROSSI 001,DAIKIN,DDB 50 BW,FCU,,,,,,,,,,
577,10-Apr-26,L1,SERGIO ROSSI 002,TRANE,HCCA 10,FCU,,tidak dapat dilakukan pencucian epap di karenakan akses sempit/sulit di jangkau,,,,,,,,
578,20-Apr-26,L1,BVLGARI 001,TRANE,HCCA 18,FCU,,,,,,,,,,
579,20-Apr-26,L1,BVLGARI 002,YORK,SBH 60 DW,FCU,,,,,,,,,,
580,20-Apr-26,L1,BVLGARI 003,TRANE,HCCA 14,FCU,,,,,,,,,,
581,20-Apr-26,L1,BVLGARI 004,MCQUAY,MCC 60,FCU,,,,,,,,,,
582,20-Apr-26,L1,BVLGARI 005,MCQUAY,MCC 60,FCU,,,,,,,,,,
583,23-Apr-26,L1,BATHING APE 001,MCQUAY,MCC 60,FCU,,,,,,,,,,
584,23-Apr-26,L1,BATHING APE 002,YORK,YSB 60 DW,FCU,,,,,,,,,,
585,23-Apr-26,L1,BATHING APE 003,YORK,YCC 54,FCU,,,,,,,,,,
586,26-Apr-26,L1,BATHING APE 004,TRANE,HCCA 18,FCU,,,,,,,,,,
587,26-Apr-26,L1,BATHING APE 005,MCQUAY,MCC 50,FCU,,,,,,,,,,
588,11-Apr-26,L1,MAXMARA 001,MCQUAY,MCC 40,FCU,,,,,,,,,,
589,11-Apr-26,L1,MAXMARA 002,MCQUAY,MCC 60,FCU,,,,,,,,,,
590,11-Apr-26,L1,MAXMARA 003,MCQUAY,MCC 40,FCU,,,,,,,,,,
591,12-Apr-26,L1,MAXMARA 004,MCQUAY,MCC 50,FCU,,tidak ada filter udara dan evaporator bagian bawah rebah kondisi bak drain korosif ,pengadaan filter udara dan perbaikan/penyisiran evap yg rebah,,,,,,,
592,12-Apr-26,L1,MAXMARA 005,MCQUAY,MCC 40,FCU,,,,,,,,,,
593,5-Apr-26,L1,NESPRESSO 001,TRANE,HCCA 18,FCU,,,,,,,,,,
594,5-Apr-26,L1,NESPRESSO 002,DAIKIN,DDB 50 BW,FCU,,,,,,,,,,
595,11-Apr-26,L1,SHABU-SHABU HOUSE 001,DAIKIN,DDB 60 DW,FCU,,,,,,,,,,
596,11-Apr-26,L1,SHABU-SHABU HOUSE 002,DAIKIN,DDB 100 DW,FCU,,,,,,,,,,
597,11-Apr-26,L1,SHABU-SHABU HOUSE 003,YORK,SBH 100 DW,FCU,,"frame filter udara rusak, body unit keropos name flate unit tidak ada 
Model : trane HCCA 18 ",pergantian frame filter udara,,,,,,,
598,11-Apr-26,L1,SHABU-SHABU HOUSE 004,DAIKIN,DDB 50 BW,FCU,,,,,,,,,,
599,11-Apr-26,L1,SHABU-SHABU HOUSE 005,TRANE,HCCA 14,FCU,,evaporator bagian bawah rusak/keropos,,,,,,,,
600,,L1,LE COMPTOIR 001,YORK,SBH 100 DW,FCU,,,,,,,,,,
601,,L1,LE COMPTOIR 002,DAIKIN,DDB 60 BW,FCU,,,,,,,,,,
602,,L1,LE COMPTOIR 003,DAIKIN,DDB 100 BW,FCU,,,,,,,,,,
603,,L1,LE COMPTOIR 004,DAIKIN,DDB 100 BW,FCU,,,,,,,,,,
604,,L1,LE COMPTOIR 005,DAIKIN,DDB 60 BW,FCU,,,,,,,,,,
605,25-Apr-26,L1,BURGER & LOBSTER 001,DAIKIN,DDB 60 BW,FCU,,,,,,,,,,
606,25-Apr-26,L1,BURGER & LOBSTER 002,DAIKIN,DDB 60 BW,FCU,,,,,,,,,,
607,25-Apr-26,L1,BURGER & LOBSTER 003,DAIKIN,DDB 60 BW,FCU,,,,,,,,,,
608,25-Apr-26,L1,BURGER & LOBSTER 004,DAIKIN,DDB 100 BW,FCU,,,,,,,,,,
609,25-Apr-26,L1,BURGER & LOBSTER 005,DAIKIN,DDB 100 BW,FCU,,,,,,,,,,
610,25-Apr-26,L1,BURGER & LOBSTER 006,DAIKIN,DDB 60 DW,FCU,,,,,,,,,,
611,18-Apr-26,L1,BURGER & LOBSTER 007,DAIKIN,DDB 60 DW,FCU,,,,,,,,,,
612,18-Apr-26,L1,OSTERIA GIA 001,YORK,MAL 100 WDS,FCU,,,,,,,,,,
613,18-Apr-26,L1,OSTERIA GIA 002,YORK,MAL 100 WDS,FCU,,,,,,,,,,
614,8-Apr-26,L1,OSTERIA GIA 003,YORK,MAL 100 WDS,FCU,,,,,,,,,,
615,8-Apr-26,L1,CORK & SCREW 001,YORK,SBH 125,FCU,,,,,,,,,,
616,8-Apr-26,L1,CORK & SCREW 002,YORK,SBH 125,FCU,,,,,,,,,,
617,13-Apr-26,L1,CORK & SCREW 003,YORK,SBH 125,FCU,,"noda di evaporator membandel dan sudah ngeblok frame filter udara rusak dan tutup dop pipa CO tidak bisa di buka di karena kan sudah aus, sedot pipa nozzle terhalang pipa uben",pergantian tutup dop pipa CO dan perbaikan/pergantian frame filter udara,,,,,,,
618,13-Apr-26,L1,BAAN MAISE 001,DAIKIN,DDB 115 BW,FCU,,,,,,,,,,
619,13-Apr-26,L1,BAAN MAISE 002,DAIKIN,DDB 100 BW,FCU,,,,,,,,,,
620,13-Apr-26,L1,BAAN MAISE 003,DAIKIN,DDB 100 BW,FCU,,,,,,,,,,
621,13-Apr-26,L1,BAAN MAISE 004,DAIKIN,DDB 115 BW,FCU,,,,,,,,,,
622,16-Apr-26,L1,GODIVA,MCQUAY,MCC 60,FCU,,,,,,,,,,
623,17-Apr-26,L1,VENCHY,YORK,SBH 50 DW,FCU,,,,,,,,,,
624,17-Apr-26,L1,BACHA 001,YORK,SBH 60 DW,FCU,,,,,,,,,,
625,17-Apr-26,L1,BACHA 002,TRANE,HCCA 10,FCU,,,,,,,,,,
626,12-Apr-26,L1,BACHA 003,DAIKIN,DDB 50 DW,FCU,,,,,,,,,,
627,12-Apr-26,L1,COACH 001,MCQUAY,MCC 50,FCU,,,,,,,,,,
628,12-Apr-26,L1,COACH 002,DAIKIN,DDB 50 BW,FCU,,"evaporator bagian bawah rebah dan banyak lendir, filter udara tidak ada body unit area sudut dekat nozzle keropos",pengadaan filter udara,,,,,,,
629,12-Apr-26,L1,COACH 003,MCQUAY,MCC 50,FCU,,,,,,,,,,
630,19-Apr-26,L1,COACH 004,DAIKIN,DDB 50 BW,FCU,,,,,,,,,,
631,19-Apr-26,L1,TORRY BURCH 001,MCQUAY,MCC 50,FCU,,"frame filter udara tidak ada, filter udara tidak terpasang, evaporator noda membandel, dan  Motorized tidak terpasang",service pakai sabun sunlinght dan pengadaan frame filter udara dan pengadaan motorized,,,,,,,
632,19-Apr-26,L1,TORRY BURCH 002,TRANE,HCCA 14,FCU,,"evaporator ngeblok dan noda membandel evap bagian bawah sudah rusak dan body unit keropos/bolong, akses buka bak drain terhalang pipa chiller dan akses ke pipa nozzle terlalu sulit, tidak ada filter udara, tidak terpasang motorize dan by pass ","pengadaan frame filter udara, pengadaan motorize dan by pass, dan perbaikan body unit yg keropos/bolong",,,,,,,
633,19-Apr-26,L1,TORRY BURCH 003,YORK,SBH 100 DW,FCU,,"body unit korosif, tidak ada frame filter, akses buka bak terhalang pipa chiller, tidak terpasang motorize, isolasi pipa chiller sudah jenuh dan sudah ada yg robek, noda di evap membandel ","pengadaan frame filter udara, pengadaan motorize, perbarikan/penggantian isolasi pipa chiller yg sudah jenuh/robek",,,,,,,
634,12-Apr-26,L1,TORRY BURCH 004,MCQUAY,MCC 60,FCU,,,,,,,,,,
635,12-Apr-26,L1,HUBLOT 001,MCQUAY,MCC 60,FCU,,,,,,,,,,
636,16-Apr-26,L1,HUBLOT 002,MCQUAY,MCC 60,FCU,,,,,,,,,,
637,10-Apr-26,L1,RANGE ROVER,TRANE,HCCA 24,FCU,,,,,,,,,,
638,10-Apr-26,L1,BERLUTI 01,DAIKIN,DDB 75 BW,FCU,,,,,,,,,,
639,10-Apr-26,L1,BERLUTI 02,DAIKIN,DDB 60 BW,FCU,,,,,,,,,,
640,27-Apr-26,L1,BERLUTI 03,TRANE,HCCA 18,FCU,,,,,,,,,,
641,,L1,TAG HEUER,DAIKIN,DDB 50 BW,FCU,,,,,,,,,,
642,,L1,CHANEL TEMPORARY 001,TRANE,HCCA 10,FCU,,,,,,,,,,
643,,L1,CHANEL TEMPORARY 002,TRANE,HCCA 10,FCU,,,,,,,,,,
644,,L1,STARBUCKS 001,DAIKIN,DDB 50 BW,FCU,,,,,,,,,,
645,,L1,STARBUCKS 002,MCQUAY,MCC 60,FCU,,,,,,,,,,
646,,L1,STARBUCKS 003,MCQUAY,MCC 60,FCU,,,,,,,,,,
647,,L1,STARBUCKS 004,TRANE,HCCA 10,FCU,,,,,,,,,,
648,11-Apr-26,L1,STARBUCKS 005,DAIKIN,DDB 50 BW,FCU,,,,,,,,,,
649,11-Apr-26,L1,RICHARD MILLE 001,TRANE,HCCA 14,FCU,,bak drain korosi,,,,,,,,
650,12-Apr-26,L1,RICHARD MILLE 002,DAIKIN,DDB 50 BW,FCU,,terjadi insident lampu service jatuh..dan mengenai karpet meja Tenant ..,,,,,,,,
651,12-Apr-26,L1,CHOPARD 001,DAIKIN,DDB 50 BW,FCU,,,,,,,,,,
652,,L1,CHOPARD 002,DAIKIN,DDB 50 BW,FCU,,,,,,,,,,
653,,L1,ALEXANDER MCQUEEN 001,TRANE,HCCA 18,FCU,,,,,,,,,,
654,,L1,ALEXANDER MCQUEEN 002,TRANE,HCCA 18,FCU,,,,,,,,,,
655,14-Apr-26,L1,ALEXANDER MCQUEEN 003,YORK,SBH 60 DW,FCU,,,,,,,,,,
656,14-Apr-26,L1,THE TIME PLACE 001,TRANE,HCCA 24,FCU,,,,,,,,,,
657,14-Apr-26,L1,THE TIME PLACE 003,TRANE,HCCA 24,FCU,,,,,,,,,,
658,14-Apr-26,L1,THE TIME PLACE 004,DAIKIN,DDB75BW,FCU,,,,,,,,,,
659,14-Apr-26,L1,THE TIME PLACE 005,YORK,SBH 60 DW,FCU,,,,,,,,,,
660,14-Apr-26,L1,THE TIME PLACE 006,YORK,YCC 60 C,FCU,,,,,,,,,,
661,16-Apr-26,L1,THE TIME PLACE 007,TRANE,HCCA 24,FCU,,,,,,,,,,
662,20-Apr-26,L1,SAINT LAURENT BEAUTY,DAIKIN,DDB 60 BW,FCU,,,,,,,,,,
663,20-Apr-26,L1,DOLCE & GABBANA,TRANE,HCCA 18,FCU,,,,,,,,,,
664,12-Apr-26,L1,SISLEY,DAIKIN,DDB 60 DW,FCU,,,,,,,,,,
665,12-Apr-26,L1,SALVATORE FERRAGAMO 001,TRANE,HCCA 24,FCU,,,,,,,,,,
666,12-Apr-26,L1,SALVATORE FERRAGAMO 002,TRANE,HCCA 24,FCU,,,,,,,,,,
667,,L1,SALVATORE FERRAGAMO 003,DAIKIN,DDB 75 BW,FCU,,,,,,,,,,
668,9-Apr-26,L1,TIFFANY & CO,YORK,SBH 60 DW,FCU,,,,,,,,,,
669,5-Apr-26,L1,CORR. LIFT 1 - 2,ITU,1200,FCU,,,,,,,,,,
670,5-Apr-26,L1,R. FCC,MCQUAY,MCC 50,FCU,,,,,,,,,,
671,5-Apr-26,L1,R. PANEL NW / R. MS 001,MCQUAY,MCC 30,FCU,,,,,,,,,,
672,5-Apr-26,L1,R. PANEL NW / R. MS 002,TRANE,HCCA 18,FCU,,,,,,,,,,
673,,L1,R. PANEL NW / R. MS 003,YORK,YSB 60 DW,FCU,,"akses service rawan insident, akses buka bak terlalu sempit, tidak ada catwalk dan jarak antara gantungan hollow ceilling terlalu jauh",memperkuat gantungan ceilling dan pengadaan catwalk,,,,,,,
674,27-Apr-26,L1,TOILET STARBUCK,MCQUAY,MCC 60,FCU,,tidak bisa lakukan service evap dalam akses sempit dan Komdisi flexible sudah rusak,,,,,,,,
675,26-Apr-26,L1,TOILET MAXMARA,MCQUAY,MCC 60,FCU,,"evaporator return dan supply noda membandel dan bejamur, body unit kerpos di area return",service pakai sabun sunlight,,,,,,,
676,26-Apr-26,L1,CORRIDOR TIMUR 01,DAIKIN,SBH 100 BW,FCU,,,,,,,,,,
677,26-Apr-26,L1,CORRIDOR TIMUR 02,DAIKIN,SBH 100 BW,FCU,,,,,,,,,,
678,3-Apr-26,L1,CORRIDOR TIMUR 03,YORK,SBH 100 DW,FCU,,,,,,,,,,
679,03 April 2026,L1,GUCCI 001,MCQUAY,MDB 75,FCU,,"evaporator noda membandel 
        : dan filter udara sebelum nya tidak terpasang dan bak drain area dekat nozzle keropos",,,,,,,,
680,03 April 2026,L1,GUCCI 002,MCQUAY,MDB 75,FCU,," evaporator noda membandel, body unit keropos", pengadaan bak temporary,,,,,,,
681,03 April 2026,L1,GUCCI 003,MCQUAY,MDB 75,FCU,,,,,,,,,,
682,03 April 2026,L1,GUCCI 004,YORK,YCC 60,FCU,,evaporator sebagian rebah,,,,,,,,
683,03 April 2026,L1,GUCCI 005,DAIKIN,DDB 50 BW,FCU,,,,,,,,,,
684,03 April 2026,L1,GUCCI 006,MCQUAY,MCC 60,FCU,,tidak ada motorized,,,,,,,,
685,21 April 2026,L1,GUCCI 007,TRANE,HCCA 18,FCU,,tidak ada motorized,,,,,,,,
686,21-Apr-26,L1,BISTRO BARON 001,TRANE,HCCA 18,FCU,,,,,,,,,,
687,,L1,BISTRO BARON 002,TRANE,HCCA 24,FCU,,,,,,,,,,
688,,L1,CELINE 001,MCQUAY,MCC 30,FCU,,,,,,,,,,
689,,L1,CELINE 002,MCQUAY,MCC 60,FCU,,,,,,,,,,
690,13-Apr-26,L1,CELINE 003,MCQUAY,MCC 60,FCU,,,,,,,,,,
691,13-Apr-26,L1,FAURE LE PAGE 001,MCQUAY,MCC 60,FCU,,,,,,,,,,
692,13-Apr-26,L1,FAURE LE PAGE 002,YORK,SBH 60 DW,FCU,,,,,,,,,,
693,14-Apr-26,L1,FAURE LE PAGE 003,DAIKIN,DDB 60 BW,FCU,,,,,,,,,,
694,19-Apr-26,L1,FAURE LE PAGE 004,MCQUAY,MCC 30,FCU,,,,,,,,,,
695,13-Apr-26,L1,LADERACH,MCQUAY,MCW 1200,FCU,,,,,,,,,,
696,13-Apr-26,L1,LONGCHAMP 001,TRANE,HCCA 24,FCU,,,,,,,,,,
697,13-Apr-26,L1,LONGCHAMP 002,TRANE,HCCA 18,FCU,,,,,,,,,,
698,13-Apr-26,L1,JADE 001,TRANE,HCCA 24,FCU,,,,,,,,,,
699,13-Apr-26,L1,JADE 002,TRANE,HCCA 24,FCU,,,,,,,,,,
700,13-Apr-26,L1,JADE 003,TRANE,HCCA 24,FCU,,,,,,,,,,
701,13-Apr-26,L1,JADE 004,TRANE,HCCA 24,FCU,,,,,,,,,,
702,,L1,JADE 005,TRANE,HCCA 24,FCU,,,,,,,,,,
703,29-Apr-26,L1,MD DERMATIC,TRANE,HCCA 24,FCU,,,,,,,,,,
704,29-Apr-26,L1,PELLEGRINIS 001,TRANE,HCCA 24,FCU,,,,,,,,,,
705,29-Apr-26,L1,PELLEGRINIS 002,TRANE,HCCA 24,FCU,,,,,,,,,,
706,29-Apr-26,L1,PELLEGRINIS 003,TRANE,HCCA 24,FCU,,,,,,,,,,
707,29-Apr-26,L1,PELLEGRINIS 004,TRANE,HCCA 24,FCU,,"evaporator noda membandel dan tidak terpasang filter udara 
Body unit keropos ",service pakai sabun sunlight dan pendaan filter udara,,,,,,,
708,15-Apr-26,L1,PELLEGRINIS 005,TRANE,HCCA 24,FCU,,,,,,,,,,
709,15-Apr-26,L1,BOSS 001,DAIKIN,DDB 50 BW,FCU,,,,,,,,,,
710,15-Apr-26,L1,BOSS 002,TRANE,HCCA 24,FCU,,,,,,,,,,
711,15-Apr-26,L1,BOSS 003,TRANE,HCCA 24,FCU,,,,,,,,,,
712,15-Apr-26,L1,BOSS 004,TRANE,HCCA 18,FCU,,,,,,,,,,
713,15-Apr-26,L1,BOSS 005,TRANE,HCCA 14,FCU,,,,,,,,,,
714,15-Apr-26,L1,BOSS 006,TRANE,HCCA 10,FCU,,,,,,,,,,
715,15-Apr-26,L1,BOSS 007,TRANE,HCCA 24,FCU,,,,,,,,,,
716,15-Apr-26,L1,FORE,YORK,SBH 100 DW,FCU,,,,,,,,,,
717,,L1,CORIDOR ESC THAMRIN PIE,MC QUAY,MCC 60,FCU,,,,,,,,,,
718,16-Apr-26,L1,"CORIDOR LIFT BARANG S1,S2",MCQUAY,MCC 60,FCU,,,,,,,,,,
719,16-Apr-26,L4,C&F 01,MCQUAY,MDB 75,FCU,,,,,,,,,,
720,,L4,C&F 02,MCQUAY,MCC 40,FCU,,,,,,,,,,
721,18-Apr-26,L4,BATEEQ,MCQUAY,MCC 60,FCU,,,,,,,,,,
722,18-Apr-26,L4,LOVE & FLAIR 001,MCQUAY,MCC 40,FCU,,,,,,,,,,
723,18-Apr-26,L4,LOVE & FLAIR 002,MCQUAY,MDB 75,FCU,,,,,,,,,,
724,18-Apr-26,L4,LOVE & FLAIR 003,MCQUAY,MDB 75,FCU,,,,,,,,,,
725,16-Apr-26,L4,RELX,MCQUAY,MCC 60,FCU,,,,,,,,,,
726,16-Apr-26,L4,CRIOLLO 001,MCQUAY,MDB 75,FCU,,,,,,,,,,
727,16-Apr-26,L4,CRIOLLO 002,MCQUAY,MDB 75,FCU,,,,,,,,,,
728,17-Apr-26,L4,CRIOLLO 003,MCQUAY,MDB 75,FCU,,,,,,,,,,
729,17-Apr-26,L4,SHU GUO YIN XIANG 001,MCQUAY,MDB 75,FCU,,,,,,,,,,
730,17-Apr-26,L4,SHU GUO YIN XIANG 002,MCQUAY,MDB 75,FCU,,,,,,,,,,
731,17-Apr-26,L4,SHU GUO YIN XIANG 003,MCQUAY,MDB 75,FCU,,,,,,,,,,
732,17-Apr-26,L4,SHU GUO YIN XIANG 004,MCQUAY,MDB 75,FCU,,,,,,,,,,
733,17-Apr-26,L4,SHU GUO YIN XIANG 005,MCQUAY,MDB 75,FCU,,,,,,,,,,
734,17-Apr-26,L4,SHU GUO YIN XIANG 006,MCQUAY,MCC 60,FCU,,,,,,,,,,
735,17-Apr-26,L4,SHU GUO YIN XIANG 007,MCQUAY,MCC 60,FCU,,,,,,,,,,
736,17-Apr-26,L4,SHU GUO YIN XIANG 008,TRANE,HCCA 14,FCU,,,,,,,,,,
737,17-Apr-26,L4,SHU GUO YIN XIANG 009,TRANE,HCCA 24,FCU,,,,,,,,,,
738,17-Apr-26,L4,SHU GUO YIN XIANG 010,MC QUAY,MCC 50,FCU,,,,,,,,,,
739,19-Apr-26,L4,SHU GUO YIN XIANG 011,TRANE,HCCA 18,FCU,,,,,,,,,,
740,16-Apr-26,L4,TOUCH UP,ITU,1400,FCU,,,,,,,,,,
741,16-Apr-26,L4,CLAUDE 001,MCQUAY,MCC 50,FCU,,,,,,,,,,
742,14-Apr-26,L4,CLAUDE 002,MCQUAY,MDB 75,FCU,,,,,,,,,,
743,14-Apr-26,L4,DUMA 001,MCQUAY,MCC 60,FCU,,,,,,,,,,
744,16-Apr-26,L4,DUMA 002,MCQUAY,MCC 60,FCU,,,,,,,,,,
745,16-Apr-26,L4,COTTONINK 001,TRANE,HCCA 14,FCU,,,,,,,,,,
746,16-Apr-26,L4,COTTONINK 002,MC QUAY,MDB 75,FCU,,,,,,,,,,
747,18-Apr-26,L4,LUCY HOUSE,MCQUAY,MCC 60,FCU,,,,,,,,,,
748,19-Apr-26,L4,FRANK GREEN,TRANE,HCCA 14,FCU,,,,,,,,,,
749,14-Apr-26,L4,NOVERE,MCQUAY,MCC 50,FCU,,,,,,,,,,
750,14-Apr-26,L4,LIFE WORK 001,MCQUAY,MCC 50,FCU,,,,,,,,,,
751,,L4,LIFE WORK 002,MCQUAY,MCC 40,FCU,,,,,,,,,,
752,21-Apr-26,L4,GLAM ON,MCQUAY,MDB 75,FCU,,,,,,,,,,
753,21-Apr-26,L4,TALENTA EXIHITION 001,MCQUAY,MDB 75,FCU,,unit keadaan mati,,,,,,,,
754,21-Apr-26,L4,TALENTA EXIHITION 002,MCQUAY,MDB 75,FCU,,unit keadaan mati,,,,,,,,
755,21-Apr-26,L4,TALENTA EXIHITION 003,MCQUAY,MCC 30,FCU,,,,,,,,,,
756,21-Apr-26,L4,TALENTA EXIHITION 004,MCQUAY,MDB 75,FCU,,"kondisi motor sebelum nya sudah mati dan motor nya juga sudah korosif bagian dalam nya, Fram filter tidak ada,  evaporator kondisi kering valve tertutup, pipa line drain tidak ter isolasi insulflex,, Belum sempat di lakukan pengecekan penyebab ac mati secara menyeluruh di karena kan waktu tidak mencukupi",pengecekan ac mati lebih lanjut dan  isolasi pada pipa line drain yg tidak ter isolasi insulflex,,,,,,,
757,21-Apr-26,L4,TALENTA EXIHITION 005,MCQUAY,MDB 75,FCU,,"kondisi unit ac sebelum nya sudah mati, evaporator kering valve tertutup dan motorize tidak ter konek ke kabel power, Frame filter udara tidak bisa di buka terhalang pipa chiller, Belum sempat di lakukan pengecekan lebih lanjut di karenakan waktu tidak mencukupi ",,,,,,,,
758,16-Apr-26,L4,TALENTA EXIHITION 006,MCQUAY,MDB 75,FCU,,,,,,,,,,
759,16-Apr-26,L4,STRAWBERI LIT 001,MCQUAY,MDB 75,FCU,,,,,,,,,,
760,14-Apr-26,L4,STRAWBERI LIT 002,MCQUAY,MDB 75,FCU,,,,,,,,,,
761,14-Apr-26,L4,"D""HEADLINE 01",MCQUAY,MDB 75,FCU,,"frame filter nya tidak ada, dan 1 unit motor putaran nya lemah, noda di evap membandel ",pengadaan frame filter udara dan pengecekan lebih lanjut pada motor yg lemah,,,,,,,
762,14-Apr-26,L4,"D""HEADLINE 02",MCQUAY,MDB 75,FCU,,,,,,,,,,
763,14-Apr-26,L4,"D""HEADLINE 03",MCQUAY,MDB 75,FCU,,"frame filter udara tidak ada, body unit keropos",pengadaan frame filter udara dan bak temporary,,,,,,,
764,6-Apr-26,L4,"D""HEADLINE 04",MCQUAY,MDB 75,FCU,,,,,,,,,,
765,6-Apr-26,L4,PRIMA FIT 001,MCQUAY,MDB 75,FCU,,,,,,,,,,
766,6-Apr-26,L4,PRIMA FIT 002,MCQUAY,MDB 75,FCU,,,,,,,,,,
767,6-Apr-26,L4,PRIMA FIT 003,MCQUAY,MCC 60,FCU,,,,,,,,,,
768,28-Apr-26,L4,PRIMA FIT 004,MCQUAY,MCC 50,FCU,,,,,,,,,,
769,18-Apr-26,L4,BNI,TRANE,HCCA 24,FCU,,,,,,,,,,
770,18-Apr-26,L4,"CORIDOR LIFT BARANG S1,S2 001",MCQUAY,MCC 60,FCU,,,,,,,,,,
771,28-Apr-26,L4,"CORIDOR LIFT BARANG S1,S2 002",MCQUAY,MCC 30,FCU,,,,,,,,,,
772,28-Apr-26,L4,CARAMELO 001,MCQUAY,MDB 75,FCU,,,,,,,,,,
773,27-Apr-26,L4,CARAMELO 002,MCQUAY,MDB 75,FCU,,keadaan unit AC motor fan hanya menyala satu,,,,,,,,
774,17-Apr-26,L4,STARBUCKS,MCQUAY,MCC 30,FCU,,,,,,,,,,
775,17-Apr-26,L4,ARRAY 001,MCQUAY,MDB 75,FCU,,,,,,,,,,
776,18-Apr-26,L4,ARRAY 002,MCQUAY,MCC 60,FCU,,,,,,,,,,
777,18-Apr-26,L4,ARTKEA 01,MC QUAY,MCC 40,FCU,,,,,,,,,,
778,18-Apr-26,L4,ARTKEA 02,TRANE,HCCA 18,FCU,,,,,,,,,,
779,18-Apr-26,L4,ARTKEA 03,YORK,MAC 60 DW,FCU,,,,,,,,,,
780,18-Apr-26,L4,ARTKEA 04,YORK,SBH 100 DW,FCU,,,,,,,,,,
781,20-Apr-26,L4,ARTKEA 05,MC QUAY,MCC 30,FCU,,,,,,,,,,
782,20-Apr-26,L4,BUTTON SCARVES 001,MCQUAY,MDB 75,FCU,,,,,,,,,,
783,20-Apr-26,L4,BUTTON SCARVES 002,MCQUAY,MDB 75,FCU,,,,,,,,,,
784,20-Apr-26,L4,BUTTON SCARVES 003,MCQUAY,MDB 75,FCU,,,,,,,,,,
785,20-Apr-26,L4,BUTTON SCARVES 004,MCQUAY,MDB 75,FCU,,,,,,,,,,
786,19-Apr-26,L4,BUTTON SCARVES 005,MCQUAY,MDB 75,FCU,,,,,,,,,,
787,19-Apr-26,L5,EAT LAH 001,MCQUAY,MDB 75,FCU,,,,,,,,,,
788,22-Apr-26,L5,EAT LAH 002,TRANE,HCCA 10,FCU,,,,,,,,,,
789,22-Apr-26,L5,CAFÉ BETAWI 001,MCQUAY,MCC 60,FCU,,,,,,,,,,
790,22-Apr-26,L5,CAFÉ BETAWI 002,MCQUAY,MDB 75,FCU,,,,,,,,,,
791,14-Apr-26,L5,CAFÉ BETAWI 003,MCQUAY,MCC 30,FCU,,,,,,,,,,
792,14-Apr-26,L5,STEAK 21 001,MCQUAY,MDB 75,FCU,,,,,,,,,,
793,14-Apr-26,L5,STEAK 21 002,MCQUAY,MDB 75,FCU,,,,,,,,,,
794,14-Apr-26,L5,STEAK 21 003,DAIKIN,DDB 100 BW,FCU,,,,,,,,,,
795,14-Apr-26,L5,STEAK 21 004,DAIKIN,DDB 100 BW,FCU,,,,,,,,,,
796,22-Apr-26,L5,STEAK 21 005,MCQUAY,MCC 30,FCU,,,,,,,,,,
797,22-Apr-26,L5,MO - MO PARADISE 001,MCQUAY,MCC 60,FCU,,,,,,,,,,
798,22-Apr-26,L5,MO - MO PARADISE 002,MCQUAY,MCC 40,FCU,,,,,,,,,,
799,23-Apr-26,L5,MO - MO PARADISE 003,MCQUAY,MDB 75,FCU,,,,,,,,,,
800,23-Apr-26,L5,MO - MO PARADISE 004,MCQUAY,MDB 75,FCU,,,,,,,,,,
801,23-Apr-26,L5,MO - MO PARADISE 005,MCQUAY,MDB 75,FCU,,,,,,,,,,
802,23-Apr-26,L5,MO - MO PARADISE 006,MCQUAY,MDB 75,FCU,,,,,,,,,,
803,23-Apr-26,L5,GION 001,MCQUAY,MCC 40,FCU,,,,,,,,,,
804,23-Apr-26,L5,GION 002,MCQUAY,MCC 60,FCU,,,,,,,,,,
805,23-Apr-26,L5,GION 003,MCQUAY,MCC 60,FCU,,,,,,,,,,
806,23-Apr-26,L5,GION 004,MCQUAY,MDB 75,FCU,,,,,,,,,,
807,22-Apr-26,L5,GION 005,MCQUAY,MDB 75,FCU,,,,,,,,,,
808,22-Apr-26,L5,SATE KHAS SENAYAN 001,MCQUAY,MCC 60,FCU,,,,,,,,,,
809,22-Apr-26,L5,SATE KHAS SENAYAN 002,MCQUAY,MDB 75,FCU,,,,,,,,,,
810,24-Apr-26,L5,SATE KHAS SENAYAN 003,MCQUAY,MDB 75,FCU,,,,,,,,,,
811,24-Apr-26,L5,ZENBU 001,MCQUAY,MDB 75,FCU,,,,,,,,,,
812,24-Apr-26,L5,ZENBU 002,MCQUAY,MCC 40,FCU,,,,,,,,,,
813,24-Apr-26,L5,ZENBU 003,MCQUAY,MCC 40,FCU,,,,,,,,,,
814,28-Apr-26,L5,ZENBU 004,DAIKIN,,FCU,,,,,,,,,,
815,15-Apr-26,L5,SEIROCK-YA RAMEN,MCQUAY,MCC 60,FCU,,"evaporator noda kering, tidak ada Filter udara, dan membandel, body unit keropos, dan Akses buka bak drain terhalang pipa springkler",Pengadaan Filter udara (Stok sudah habis),,,,,,,
816,15 April 2026,L5,SUSHI-TEI 001,MCQUAY,MDB 75,FCU,,"frame filter udara tidak ada dan evap noda membandel,                                                     Rekomendasi : pengadaan frame filter udara",,,,,,,,
817,15 April 2026,L5,SUSHI-TEI 002,MCQUAY,MDB 75,FCU,,,,,,,,,,
818,15 April 2026,L5,SUSHI-TEI 003,MCQUAY,MDB 75,FCU,,,,,,,,,,
819,15 April 2026,L5,SUSHI-TEI 004,MCQUAY,MDB 75,FCU,,,,,,,,,,
820,24 April 2026,L5,SUSHI-TEI 005,TRANE,HCCA 24,FCU,,,,,,,,,,
821,24-Apr-26,L5,ISHIGAMAYA 001,MCQUAY,MDB 75,FCU,,,,,,,,,,
822,24-Apr-26,L5,ISHIGAMAYA 002,MCQUAY,MCC 30,FCU,,,,,,,,,,
823,24-Apr-26,L5,ISHIGAMAYA 003,MCQUAY,MDB 75,FCU,,,,,,,,,,
824,24-Apr-26,L5,ISHIGAMAYA 004,MCQUAY,MDB 75,FCU,,,,,,,,,,
825,24-Apr-26,L5,ISHIGAMAYA 005,MCQUAY,MDB 75,FCU,,,,,,,,,,
826,29-Apr-26,L5,ISHIGAMAYA 006,MCQUAY,MDB 75,FCU,,,,,,,,,,
827,29-Apr-26,L5,TERAS BY PLATARAN,TRANE,HCCA 24,FCU,,nampan bak drain sudah kropos TRANE HCCA 24,Penggantian Bak Drain TRANE HCCA 24,,,,,,,
828,,L5,WOLFGANG 001,TRANE,HCCA 24,FCU,,,,,,,,,,
829,,L5,WOLFGANG 002,TRANE,HCCA 24,FCU,,,,,,,,,,
830,,L5,WOLFGANG 003,TRANE,HCCA 24,FCU,,,,,,,,,,
831,,L5,WOLFGANG 004,DAIKIN,DDB 115 BW,FCU,,,,,,,,,,
832,,L5,WOLFGANG 005,DAIKIN,DDB 115 BW,FCU,,,,,,,,,,
833,,L5,WOLFGANG 006,DAIKIN,DDB 115 BW,FCU,,,,,,,,,,
834,27-Apr-26,L5,CORRIDOR LIFT BARANG S1 & S2,MCQUAY,MCC 40,FCU,,,,,,,,,,
835,27-Apr-26,L5,CORRIDOR GOWORK,MCQUAY,MCC 50,FCU,,,,,,,,,,
836,24-Apr-26,L5,NIKA,YORK,SBH 60 DW,FCU,,,,,,,,,,
837,,L5,WAREHOUSE 001,YORK,SBH 100 DW,FCU,,,,,,,,,,
838,,L5,WAREHOUSE 002,YORK,SBH 100 DW,FCU,,,,,,,,,,
839,,L5,WAREHOUSE 003,YORK,SBH 100 DW,FCU,,,,,,,,,,
840,,L5,WAREHOUSE 004,YORK,SBH 100 DW,FCU,,,,,,,,,,
841,,L5,WAREHOUSE 005,YORK,SBH 100 DW,FCU,,,,,,,,,,
842,,L5,WAREHOUSE 006,YORK,SBH 100 DW,FCU,,,,,,,,,,
843,23-Apr-26,L5,BATAVORUM BARBERIA,TRANE,HCCA 18,FCU,,,,,,,,,,
844,24-Apr-26,L5,WEE NAM KEE 001,MCQUAY,MDB 75,FCU,,,,,,,,,,
845,24-Apr-26,L5,WEE NAM KEE 002,MCQUAY,MCC 30,FCU,,,,,,,,,,
846,24-Apr-26,L5,WEE NAM KEE 003,MCQUAY,MCC 60,FCU,,,,,,,,,,
847,23-Apr-26,L5,MACANRIA,MCQUAY,MCC 50,FCU,,,,,,,,,,
848,24-Apr-26,L5,DENTAL,MCQUAY,MCC 60,FCU,,,,,,,,,,
849,22-Apr-26,L5,JAKARTA DERMATOLOGI 001,MCQUAY,MCC 60,FCU,,,,,,,,,,
850,22-Apr-26,L5,JAKARTA DERMATOLOGI 002,MCQUAY,MCC 60,FCU,,,,,,,,,,
851,23-Apr-26,L5,CHOPSTIX 001,MCQUAY,MCC 40,FCU,,,,,,,,,,
852,23-Apr-26,L5,CHOPSTIX 002,MCQUAY,MCC 60,FCU,,,,,,,,,,
853,,L6,CORRIDOR CINEMA XXI 001,MCQUAY,MDB 75,FCU,,,,,,,,,,
854,,L6,CORRIDOR CINEMA XXI 002,MCQUAY,MDB 75,FCU,,,,,,,,,,
855,,L6,CORRIDOR CINEMA XXI 003,MCQUAY,MDB 75,FCU,,"noda di evap membandel,,motor fan hanya satu yang menyala",,,,,,,,
856,,L6,GANARA ART GALERY 001,TRANE,HCCA 10,FCU,,,,,,,,,,
857,,L6,GANARA ART GALERY 002,TRANE,HCCA 10,FCU,,,,,,,,,,
858,,L6,GANARA ART GALERY 003,TRANE,HFCA 12,FCU,,,,,,,,,,
859,,L6,GANARA ART GALERY 004,YORK,HCCA 12,FCU,,,,,,,,,,